Absolute Time,Time Elapsed,Temperature,Vref,Average Output

21/03/2021 at 12:51:48,0.0,42.7380261626014,-2.8103616813294234,343.02884
21/03/2021 at 12:51:51,3.0,42.67531089909399,-2.8103616813294234,340.20425
21/03/2021 at 12:51:54,6.0,42.67531089909399,-2.8103616813294234,339.2458
21/03/2021 at 12:51:57,9.0,42.67531089909399,-2.8103616813294234,338.77618
21/03/2021 at 12:52:00,11.0,42.67531089909399,-2.8103616813294234,338.36664
21/03/2021 at 12:52:03,14.0,42.67531089909399,-2.8103616813294234,338.04395
21/03/2021 at 12:52:13,25.0,42.55041311312135,-2.8103616813294234,388.37384
21/03/2021 at 12:52:17,28.0,42.61277355146671,-2.8103616813294234,389.34055
21/03/2021 at 12:52:19,31.0,42.61277355146671,-2.8103616813294234,389.3227
21/03/2021 at 12:52:30,41.0,42.55041311312135,-2.8103616813294234,340.21353
21/03/2021 at 12:52:33,44.0,42.61277355146671,-2.8103616813294234,337.3474
21/03/2021 at 12:52:36,47.0,42.61277355146671,-2.8103616813294234,336.77444
21/03/2021 at 12:52:40,51.0,42.11876071535347,-2.8103616813294234,344.43494
21/03/2021 at 12:52:43,55.0,41.57591631627085,-2.8103616813294234,349.80502
21/03/2021 at 12:52:46,58.0,41.33887747050311,-2.8103616813294234,352.79987
21/03/2021 at 12:52:49,61.0,41.16275615881688,-2.8103616813294234,354.80878
21/03/2021 at 12:52:53,64.0,40.98803080350943,-2.8103616813294234,356.51355
21/03/2021 at 12:52:56,67.0,40.87231190127768,-2.8103616813294234,358.08823
21/03/2021 at 12:52:59,70.0,40.75719727805131,-2.8103616813294234,359.61963
21/03/2021 at 12:53:02,73.0,40.64268065556431,-2.8103616813294234,361.03604
21/03/2021 at 12:53:05,76.0,40.58564465931099,-2.8103616813294234,362.33676
21/03/2021 at 12:53:08,79.0,40.472013478563085,-2.8103616813294234,363.58667
21/03/2021 at 12:53:11,82.0,40.358965024379735,-2.8103616813294234,364.71472
21/03/2021 at 12:53:14,85.0,40.30265745799454,-2.8103616813294234,365.78406
21/03/2021 at 12:53:17,88.0,40.24649335053262,-2.8103616813294234,366.68863
21/03/2021 at 12:53:20,91.0,40.13459260134588,-2.8103616813294234,367.6083
21/03/2021 at 12:53:22,94.0,40.078854517910756,-2.8103616813294234,368.38242
21/03/2021 at 12:53:25,97.0,40.0232570098668,-2.8103616813294234,368.98764
21/03/2021 at 12:53:28,100.0,39.91248089608239,-2.8103616813294234,369.59354
21/03/2021 at 12:53:31,103.0,39.857300891665396,-2.8103616813294234,370.07037
21/03/2021 at 12:53:34,105.0,39.802258665180545,-2.8103616813294234,370.5314
21/03/2021 at 12:53:37,108.0,39.747353530310804,-2.8103616813294234,370.93924
21/03/2021 at 12:53:40,111.0,39.63795181567482,-2.8103616813294234,371.2664
21/03/2021 at 12:53:43,114.0,39.58345388864937,-2.8103616813294234,371.47098
21/03/2021 at 12:53:46,117.0,39.52909035862105,-2.8103616813294234,371.63748
21/03/2021 at 12:53:49,120.0,39.474860564348994,-2.8103616813294234,371.81772
21/03/2021 at 12:53:52,123.0,39.420763849460435,-2.8103616813294234,371.9049
21/03/2021 at 12:53:55,126.0,39.366799562402925,-2.8103616813294234,371.95468
21/03/2021 at 12:53:57,129.0,39.31296705639732,-2.8103616813294234,371.9454
21/03/2021 at 12:54:00,132.0,39.25926568939127,-2.8103616813294234,372.00583
21/03/2021 at 12:54:03,135.0,39.20569482401323,-2.8103616813294234,372.02505
21/03/2021 at 12:54:06,138.0,39.1522538275271,-2.8103616813294234,372.01303
21/03/2021 at 12:54:09,141.0,39.09894207178738,-2.8103616813294234,372.04324
21/03/2021 at 12:54:12,143.0,39.09894207178738,-2.8103616813294234,372.11948
21/03/2021 at 12:54:15,146.0,39.045758933194875,-2.8103616813294234,372.19397
21/03/2021 at 12:54:18,149.0,38.9927037926529,-2.8103616813294234,372.23276
21/03/2021 at 12:54:21,152.0,38.93977603552408,-2.8103616813294234,372.27258
21/03/2021 at 12:54:24,155.0,38.93977603552408,-2.8103616813294234,372.31274
21/03/2021 at 12:54:27,158.0,38.88697505158759,-2.8103616813294234,372.36115
21/03/2021 at 12:54:30,161.0,38.83430023499695,-2.8103616813294234,372.48883
21/03/2021 at 12:54:32,164.0,38.83430023499695,-2.8103616813294234,372.59424
21/03/2021 at 12:54:35,167.0,38.78175098423836,-2.8103616813294234,372.6694
21/03/2021 at 12:54:38,170.0,38.72932670208938,-2.8103616813294234,372.72742
21/03/2021 at 12:54:41,172.0,38.72932670208938,-2.8103616813294234,372.73566
21/03/2021 at 12:54:44,175.0,38.67702679557834,-2.8103616813294234,372.76382
21/03/2021 at 12:54:47,178.0,38.67702679557834,-2.8103616813294234,372.81393
21/03/2021 at 12:54:50,181.0,38.62485067594398,-2.8103616813294234,372.93716
21/03/2021 at 12:54:53,184.0,38.62485067594398,-2.8103616813294234,373.04944
21/03/2021 at 12:54:56,187.0,38.57279775859576,-2.8103616813294234,373.15723
21/03/2021 at 12:54:59,190.0,38.52086746307452,-2.8103616813294234,373.3467
21/03/2021 at 12:55:01,193.0,38.52086746307452,-2.8103616813294234,373.51047
21/03/2021 at 12:55:05,196.0,38.67702679557834,-2.8103616813294234,370.78442
21/03/2021 at 12:55:08,199.0,38.93977603552408,-2.8103616813294234,366.93204
21/03/2021 at 12:55:11,202.0,38.9927037926529,-2.8103616813294234,364.3361
21/03/2021 at 12:55:14,205.0,39.045758933194875,-2.8103616813294234,362.65292
21/03/2021 at 12:55:17,208.0,39.09894207178738,-2.8103616813294234,361.36697
21/03/2021 at 12:55:20,211.0,39.1522538275271,-2.8103616813294234,360.3728
21/03/2021 at 12:55:23,214.0,39.20569482401323,-2.8103616813294234,359.54892
21/03/2021 at 12:55:26,217.0,39.20569482401323,-2.8103616813294234,358.84348
21/03/2021 at 12:55:29,220.0,39.25926568939127,-2.8103616813294234,358.2633
21/03/2021 at 12:55:32,223.0,39.25926568939127,-2.8103616813294234,357.71817
21/03/2021 at 12:55:34,226.0,39.31296705639732,-2.8103616813294234,357.2283
21/03/2021 at 12:55:37,229.0,39.31296705639732,-2.8103616813294234,356.7264
21/03/2021 at 12:55:40,231.0,39.366799562402925,-2.8103616813294234,356.25473
21/03/2021 at 12:55:43,234.0,39.366799562402925,-2.8103616813294234,355.84174
21/03/2021 at 12:55:46,237.0,39.420763849460435,-2.8103616813294234,355.44354
21/03/2021 at 12:55:49,240.0,39.420763849460435,-2.8103616813294234,355.05252
21/03/2021 at 12:55:51,243.0,39.420763849460435,-2.8103616813294234,354.7202
21/03/2021 at 12:55:54,246.0,39.420763849460435,-2.8103616813294234,354.37213
21/03/2021 at 12:55:57,248.0,39.474860564348994,-2.8103616813294234,354.06796
21/03/2021 at 12:56:00,251.0,39.474860564348994,-2.8103616813294234,353.7913
21/03/2021 at 12:56:03,254.0,39.474860564348994,-2.8103616813294234,353.5266
21/03/2021 at 12:56:06,257.0,39.52909035862105,-2.8103616813294234,353.2681
21/03/2021 at 12:56:08,260.0,39.52909035862105,-2.8103616813294234,353.0295
21/03/2021 at 12:56:11,263.0,39.52909035862105,-2.8103616813294234,352.80914
21/03/2021 at 12:56:14,265.0,39.52909035862105,-2.8103616813294234,352.5527
21/03/2021 at 12:56:17,268.0,39.58345388864937,-2.8103616813294234,352.34775
21/03/2021 at 12:56:20,271.0,39.58345388864937,-2.8103616813294234,352.16306
21/03/2021 at 12:56:22,274.0,39.58345388864937,-2.8103616813294234,351.9612
21/03/2021 at 12:56:25,277.0,39.58345388864937,-2.8103616813294234,351.75076
21/03/2021 at 12:56:28,279.0,39.58345388864937,-2.8103616813294234,351.5726
21/03/2021 at 12:56:31,282.0,39.58345388864937,-2.8103616813294234,351.39136
21/03/2021 at 12:56:34,285.0,39.63795181567482,-2.8103616813294234,351.20117
21/03/2021 at 12:56:36,288.0,39.63795181567482,-2.8103616813294234,351.0556
21/03/2021 at 12:56:39,291.0,39.63795181567482,-2.8103616813294234,350.89188
21/03/2021 at 12:56:42,293.0,39.63795181567482,-2.8103616813294234,350.7628
21/03/2021 at 12:56:45,296.0,39.63795181567482,-2.8103616813294234,350.64572
21/03/2021 at 12:56:48,299.0,39.63795181567482,-2.8103616813294234,350.51254
21/03/2021 at 12:56:50,302.0,39.63795181567482,-2.8103616813294234,350.35565
21/03/2021 at 12:56:53,305.0,39.63795181567482,-2.8103616813294234,350.2561
21/03/2021 at 12:56:56,307.0,39.69258480585453,-2.8103616813294234,350.138
21/03/2021 at 12:56:59,310.0,39.69258480585453,-2.8103616813294234,350.01752
21/03/2021 at 12:57:02,313.0,39.69258480585453,-2.8103616813294234,349.90182
21/03/2021 at 12:57:04,316.0,39.69258480585453,-2.8103616813294234,349.79504
21/03/2021 at 12:57:07,319.0,39.69258480585453,-2.8103616813294234,349.67252
21/03/2021 at 12:57:10,321.0,39.69258480585453,-2.8103616813294234,349.55957
21/03/2021 at 12:57:13,324.0,39.69258480585453,-2.8103616813294234,349.48196
21/03/2021 at 12:57:16,327.0,39.69258480585453,-2.8103616813294234,349.368
21/03/2021 at 12:57:18,330.0,39.747353530310804,-2.8103616813294234,349.25403
21/03/2021 at 12:57:21,333.0,39.747353530310804,-2.8103616813294234,349.18436
21/03/2021 at 12:57:24,335.0,39.747353530310804,-2.8103616813294234,349.08102
21/03/2021 at 12:57:27,338.0,39.747353530310804,-2.8103616813294234,348.99622
21/03/2021 at 12:57:30,341.0,39.747353530310804,-2.8103616813294234,348.92654
21/03/2021 at 12:57:32,344.0,39.747353530310804,-2.8103616813294234,348.86646
21/03/2021 at 12:57:35,347.0,39.747353530310804,-2.8103616813294234,348.76828
21/03/2021 at 12:57:38,349.0,39.747353530310804,-2.8103616813294234,348.71094
21/03/2021 at 12:57:41,352.0,39.747353530310804,-2.8103616813294234,348.62408
21/03/2021 at 12:57:44,355.0,39.747353530310804,-2.8103616813294234,348.5424
21/03/2021 at 12:57:46,358.0,39.747353530310804,-2.8103616813294234,348.46823
21/03/2021 at 12:57:49,361.0,39.747353530310804,-2.8103616813294234,348.3996
21/03/2021 at 12:57:52,363.0,39.802258665180545,-2.8103616813294234,348.32474
21/03/2021 at 12:57:55,366.0,39.802258665180545,-2.8103616813294234,348.2633
21/03/2021 at 12:57:58,369.0,39.802258665180545,-2.8103616813294234,348.20908
21/03/2021 at 12:58:00,372.0,39.802258665180545,-2.8103616813294234,348.12186
21/03/2021 at 12:58:03,374.0,39.802258665180545,-2.8103616813294234,348.0508
21/03/2021 at 12:58:06,377.0,39.802258665180545,-2.8103616813294234,348.00067
21/03/2021 at 12:58:09,380.0,39.802258665180545,-2.8103616813294234,347.92722
21/03/2021 at 12:58:11,383.0,39.802258665180545,-2.8103616813294234,347.8503
21/03/2021 at 12:58:14,386.0,39.802258665180545,-2.8103616813294234,347.79642
21/03/2021 at 12:58:17,388.0,39.802258665180545,-2.8103616813294234,347.74115
21/03/2021 at 12:58:20,391.0,39.802258665180545,-2.8103616813294234,347.67972
21/03/2021 at 12:58:23,394.0,39.802258665180545,-2.8103616813294234,347.64984
21/03/2021 at 12:58:25,397.0,39.802258665180545,-2.8103616813294234,347.5994
21/03/2021 at 12:58:28,400.0,39.802258665180545,-2.8103616813294234,347.52798
21/03/2021 at 12:58:31,402.0,39.802258665180545,-2.8103616813294234,347.5036
21/03/2021 at 12:58:34,405.0,39.802258665180545,-2.8103616813294234,347.4576
21/03/2021 at 12:58:37,408.0,39.802258665180545,-2.8103616813294234,347.40817
21/03/2021 at 12:58:39,411.0,39.802258665180545,-2.8103616813294234,347.36768
21/03/2021 at 12:58:42,414.0,39.802258665180545,-2.8103616813294234,347.3282
21/03/2021 at 12:58:45,416.0,39.802258665180545,-2.8103616813294234,347.27463
21/03/2021 at 12:58:48,419.0,39.802258665180545,-2.8103616813294234,347.25024
21/03/2021 at 12:58:50,422.0,39.802258665180545,-2.8103616813294234,347.20837
21/03/2021 at 12:58:53,425.0,39.802258665180545,-2.8103616813294234,347.1754
21/03/2021 at 12:58:56,427.0,39.802258665180545,-2.8103616813294234,347.16306
21/03/2021 at 12:58:59,430.0,39.802258665180545,-2.8103616813294234,347.15552
21/03/2021 at 12:59:02,433.0,39.802258665180545,-2.8103616813294234,347.1174
21/03/2021 at 12:59:04,436.0,39.802258665180545,-2.8103616813294234,347.08994
21/03/2021 at 12:59:07,439.0,39.802258665180545,-2.8103616813294234,347.08032
21/03/2021 at 12:59:10,441.0,39.802258665180545,-2.8103616813294234,347.0261
21/03/2021 at 12:59:13,444.0,39.857300891665396,-2.8103616813294234,346.99692
21/03/2021 at 12:59:16,447.0,39.857300891665396,-2.8103616813294234,347.01956
21/03/2021 at 12:59:18,450.0,39.857300891665396,-2.8103616813294234,346.98523
21/03/2021 at 12:59:21,452.0,39.857300891665396,-2.8103616813294234,346.98077
21/03/2021 at 12:59:24,455.0,39.857300891665396,-2.8103616813294234,346.96225
21/03/2021 at 12:59:27,458.0,39.857300891665396,-2.8103616813294234,346.92517
21/03/2021 at 12:59:29,461.0,39.857300891665396,-2.8103616813294234,346.89563
21/03/2021 at 12:59:32,464.0,39.857300891665396,-2.8103616813294234,346.88052
21/03/2021 at 12:59:35,466.0,39.857300891665396,-2.8103616813294234,346.8764
21/03/2021 at 12:59:38,469.0,39.857300891665396,-2.8103616813294234,346.86716
21/03/2021 at 12:59:41,472.0,39.857300891665396,-2.8103616813294234,346.86578
21/03/2021 at 12:59:43,475.0,39.857300891665396,-2.8103616813294234,346.85754
21/03/2021 at 12:59:46,477.0,39.857300891665396,-2.8103616813294234,346.8486
21/03/2021 at 12:59:49,480.0,39.857300891665396,-2.8103616813294234,346.85272
21/03/2021 at 12:59:52,483.0,39.857300891665396,-2.8103616813294234,346.8421
21/03/2021 at 12:59:54,486.0,39.857300891665396,-2.8103616813294234,346.816
21/03/2021 at 12:59:57,489.0,39.857300891665396,-2.8103616813294234,346.82013
21/03/2021 at 13:00:00,491.0,39.857300891665396,-2.8103616813294234,346.80777
21/03/2021 at 13:00:03,494.0,39.857300891665396,-2.8103616813294234,346.7813
21/03/2021 at 13:00:06,497.0,39.857300891665396,-2.8103616813294234,346.78305
21/03/2021 at 13:00:08,500.0,39.857300891665396,-2.8103616813294234,346.7779
21/03/2021 at 13:00:11,503.0,39.857300891665396,-2.8103616813294234,346.75592
21/03/2021 at 13:00:14,505.0,39.857300891665396,-2.8103616813294234,346.76004
21/03/2021 at 13:00:17,508.0,39.857300891665396,-2.8103616813294234,346.7494
21/03/2021 at 13:00:19,511.0,39.857300891665396,-2.8103616813294234,346.73395
21/03/2021 at 13:00:22,514.0,39.857300891665396,-2.8103616813294234,346.73773
21/03/2021 at 13:00:25,516.0,39.857300891665396,-2.8103616813294234,346.7319
21/03/2021 at 13:00:28,519.0,39.857300891665396,-2.8103616813294234,346.72192
21/03/2021 at 13:00:31,522.0,39.857300891665396,-2.8103616813294234,346.72092
21/03/2021 at 13:00:33,525.0,39.857300891665396,-2.8103616813294234,346.72296
21/03/2021 at 13:00:36,528.0,39.857300891665396,-2.8103616813294234,346.71713
21/03/2021 at 13:00:39,530.0,39.857300891665396,-2.8103616813294234,346.71198
21/03/2021 at 13:00:42,533.0,39.857300891665396,-2.8103616813294234,346.72812
21/03/2021 at 13:00:44,536.0,39.857300891665396,-2.8103616813294234,346.7161
21/03/2021 at 13:00:47,539.0,39.857300891665396,-2.8103616813294234,346.70203
21/03/2021 at 13:00:50,541.0,39.857300891665396,-2.8103616813294234,346.72778
21/03/2021 at 13:00:53,544.0,39.857300891665396,-2.8103616813294234,346.7216
21/03/2021 at 13:00:56,547.0,39.857300891665396,-2.8103616813294234,346.72296
21/03/2021 at 13:00:58,550.0,39.857300891665396,-2.8103616813294234,346.72433
21/03/2021 at 13:01:01,553.0,39.857300891665396,-2.8103616813294234,346.7216
21/03/2021 at 13:01:04,555.0,39.857300891665396,-2.8103616813294234,346.7106
21/03/2021 at 13:01:07,558.0,39.857300891665396,-2.8103616813294234,346.71198
21/03/2021 at 13:01:09,561.0,39.857300891665396,-2.8103616813294234,346.73053
21/03/2021 at 13:01:12,564.0,39.857300891665396,-2.8103616813294234,346.71164
21/03/2021 at 13:01:15,566.0,39.857300891665396,-2.8103616813294234,346.73944
21/03/2021 at 13:01:18,569.0,39.857300891665396,-2.8103616813294234,346.74426
21/03/2021 at 13:01:21,572.0,39.857300891665396,-2.8103616813294234,346.7329
21/03/2021 at 13:01:23,575.0,39.857300891665396,-2.8103616813294234,346.76862
21/03/2021 at 13:01:26,577.0,39.857300891665396,-2.8103616813294234,346.75937
21/03/2021 at 13:01:29,580.0,39.857300891665396,-2.8103616813294234,346.7494
21/03/2021 at 13:01:32,583.0,39.857300891665396,-2.8103616813294234,346.75455
21/03/2021 at 13:01:34,586.0,39.857300891665396,-2.8103616813294234,346.76416
21/03/2021 at 13:01:37,589.0,39.857300891665396,-2.8103616813294234,346.76416
21/03/2021 at 13:01:40,591.0,39.857300891665396,-2.8103616813294234,346.7676
21/03/2021 at 13:01:43,594.0,39.857300891665396,-2.8103616813294234,346.7913
21/03/2021 at 13:01:46,597.0,39.857300891665396,-2.8103616813294234,346.78543
21/03/2021 at 13:01:48,600.0,39.857300891665396,-2.8103616813294234,346.8081
21/03/2021 at 13:01:51,602.0,39.857300891665396,-2.8103616813294234,346.8263
21/03/2021 at 13:01:54,605.0,39.857300891665396,-2.8103616813294234,346.83282
21/03/2021 at 13:01:57,608.0,39.857300891665396,-2.8103616813294234,346.83212
21/03/2021 at 13:01:59,611.0,39.857300891665396,-2.8103616813294234,346.8359
21/03/2021 at 13:02:02,614.0,39.857300891665396,-2.8103616813294234,346.86063
21/03/2021 at 13:02:05,616.0,39.857300891665396,-2.8103616813294234,346.85788
21/03/2021 at 13:02:08,619.0,39.857300891665396,-2.8103616813294234,346.86853
21/03/2021 at 13:02:11,622.0,39.857300891665396,-2.8103616813294234,346.87503
21/03/2021 at 13:02:13,625.0,39.857300891665396,-2.8103616813294234,346.90286
21/03/2021 at 13:02:16,628.0,39.857300891665396,-2.8103616813294234,346.87332
21/03/2021 at 13:02:19,630.0,39.857300891665396,-2.8103616813294234,346.84756
21/03/2021 at 13:02:22,633.0,39.857300891665396,-2.8103616813294234,346.83282
21/03/2021 at 13:02:24,636.0,39.857300891665396,-2.8103616813294234,346.82904
21/03/2021 at 13:02:27,639.0,39.857300891665396,-2.8103616813294234,346.86166
21/03/2021 at 13:02:30,641.0,39.857300891665396,-2.8103616813294234,346.87573
21/03/2021 at 13:02:33,644.0,39.857300891665396,-2.8103616813294234,346.90182
21/03/2021 at 13:02:36,647.0,39.857300891665396,-2.8103616813294234,346.9238
21/03/2021 at 13:02:38,650.0,39.857300891665396,-2.8103616813294234,346.92892
21/03/2021 at 13:02:41,652.0,39.857300891665396,-2.8103616813294234,346.9327
21/03/2021 at 13:02:44,655.0,39.857300891665396,-2.8103616813294234,346.96292
21/03/2021 at 13:02:47,658.0,39.857300891665396,-2.8103616813294234,346.9698
21/03/2021 at 13:02:49,661.0,39.857300891665396,-2.8103616813294234,346.99313
21/03/2021 at 13:02:52,664.0,39.857300891665396,-2.8103616813294234,346.9952
21/03/2021 at 13:02:55,666.0,39.857300891665396,-2.8103616813294234,346.99896
21/03/2021 at 13:02:58,669.0,39.857300891665396,-2.8103616813294234,347.02402
21/03/2021 at 13:03:00,672.0,39.857300891665396,-2.8103616813294234,347.04086
21/03/2021 at 13:03:03,675.0,39.857300891665396,-2.8103616813294234,347.03433
21/03/2021 at 13:03:06,677.0,39.857300891665396,-2.8103616813294234,347.05597
21/03/2021 at 13:03:09,680.0,39.857300891665396,-2.8103616813294234,347.08066
21/03/2021 at 13:03:12,683.0,39.857300891665396,-2.8103616813294234,347.06558
21/03/2021 at 13:03:14,686.0,39.857300891665396,-2.8103616813294234,347.0896
21/03/2021 at 13:03:17,689.0,39.857300891665396,-2.8103616813294234,347.1119
21/03/2021 at 13:03:20,691.0,39.857300891665396,-2.8103616813294234,347.11295
21/03/2021 at 13:03:23,694.0,39.857300891665396,-2.8103616813294234,347.12256
21/03/2021 at 13:03:25,697.0,39.857300891665396,-2.8103616813294234,347.14383
21/03/2021 at 13:03:28,700.0,39.857300891665396,-2.8103616813294234,347.13458
21/03/2021 at 13:03:31,702.0,39.857300891665396,-2.8103616813294234,347.15414
21/03/2021 at 13:03:34,705.0,39.857300891665396,-2.8103616813294234,347.16614
21/03/2021 at 13:03:37,708.0,39.857300891665396,-2.8103616813294234,347.17508
21/03/2021 at 13:03:39,711.0,39.857300891665396,-2.8103616813294234,347.17026
21/03/2021 at 13:03:42,713.0,39.857300891665396,-2.8103616813294234,347.20358
21/03/2021 at 13:03:45,716.0,39.857300891665396,-2.8103616813294234,347.21353
21/03/2021 at 13:03:48,719.0,39.857300891665396,-2.8103616813294234,347.2087
21/03/2021 at 13:03:50,722.0,39.857300891665396,-2.8103616813294234,347.24716
21/03/2021 at 13:03:53,725.0,39.857300891665396,-2.8103616813294234,347.253
21/03/2021 at 13:03:56,727.0,39.857300891665396,-2.8103616813294234,347.2537
21/03/2021 at 13:03:59,730.0,39.802258665180545,-2.8103616813294234,347.37076
21/03/2021 at 13:04:02,733.0,39.857300891665396,-2.8103616813294234,347.2616
21/03/2021 at 13:04:05,736.0,39.857300891665396,-2.8103616813294234,345.55133
21/03/2021 at 13:04:08,739.0,39.802258665180545,-2.8103616813294234,346.4051
21/03/2021 at 13:04:11,742.0,39.802258665180545,-2.8103616813294234,346.08856
21/03/2021 at 13:04:14,745.0,39.802258665180545,-2.8103616813294234,348.6433
21/03/2021 at 13:04:17,749.0,39.857300891665396,-2.8103616813294234,350.14832
21/03/2021 at 13:04:21,752.0,39.857300891665396,-2.8103616813294234,353.30963
21/03/2021 at 13:04:26,758.0,39.96779936991534,-2.8103616813294234,336.91348
21/03/2021 at 13:04:30,761.0,39.96779936991534,-2.8103616813294234,335.13388
21/03/2021 at 13:04:33,764.0,39.91248089608239,-2.8103616813294234,334.88638
21/03/2021 at 13:04:36,767.0,39.91248089608239,-2.8103616813294234,334.7834
21/03/2021 at 13:04:38,770.0,39.91248089608239,-2.8103616813294234,334.7892
21/03/2021 at 13:04:41,772.0,39.91248089608239,-2.8103616813294234,334.8304
21/03/2021 at 13:04:44,775.0,39.91248089608239,-2.8103616813294234,334.84415
21/03/2021 at 13:04:47,779.0,39.91248089608239,-2.8103616813294234,337.37076
21/03/2021 at 13:04:50,782.0,39.91248089608239,-2.8103616813294234,334.97324
21/03/2021 at 13:04:53,785.0,39.91248089608239,-2.8103616813294234,334.86542
21/03/2021 at 13:04:56,787.0,39.91248089608239,-2.8103616813294234,334.91006
21/03/2021 at 13:04:59,790.0,39.91248089608239,-2.8103616813294234,334.97803
21/03/2021 at 13:05:02,793.0,39.91248089608239,-2.8103616813294234,335.04324
21/03/2021 at 13:05:04,796.0,39.91248089608239,-2.8103616813294234,335.12943
21/03/2021 at 13:05:07,799.0,39.91248089608239,-2.8103616813294234,335.21765
21/03/2021 at 13:05:10,801.0,39.91248089608239,-2.8103616813294234,335.29523
21/03/2021 at 13:05:13,804.0,39.91248089608239,-2.8103616813294234,335.38037
21/03/2021 at 13:05:16,807.0,39.91248089608239,-2.8103616813294234,335.45865
21/03/2021 at 13:05:18,810.0,39.91248089608239,-2.8103616813294234,335.51492
21/03/2021 at 13:05:21,812.0,39.91248089608239,-2.8103616813294234,335.63132
21/03/2021 at 13:05:24,815.0,39.91248089608239,-2.8103616813294234,335.6979
21/03/2021 at 13:05:27,818.0,39.91248089608239,-2.8103616813294234,335.76862
21/03/2021 at 13:05:29,821.0,39.91248089608239,-2.8103616813294234,335.8325
21/03/2021 at 13:05:32,824.0,39.91248089608239,-2.8103616813294234,335.89392
21/03/2021 at 13:05:35,826.0,39.91248089608239,-2.8103616813294234,335.95227
21/03/2021 at 13:05:38,829.0,39.91248089608239,-2.8103616813294234,336.0
21/03/2021 at 13:05:41,832.0,39.91248089608239,-2.8103616813294234,336.1085
21/03/2021 at 13:05:43,835.0,39.91248089608239,-2.8103616813294234,336.29352
21/03/2021 at 13:05:46,838.0,39.91248089608239,-2.8103616813294234,336.3155
21/03/2021 at 13:05:49,840.0,39.91248089608239,-2.8103616813294234,336.34637
21/03/2021 at 13:05:52,843.0,39.91248089608239,-2.8103616813294234,336.3694
21/03/2021 at 13:05:55,846.0,39.91248089608239,-2.8103616813294234,336.40027
21/03/2021 at 13:05:57,849.0,39.91248089608239,-2.8103616813294234,336.45108
21/03/2021 at 13:06:00,851.0,39.91248089608239,-2.8103616813294234,336.46823
21/03/2021 at 13:06:03,854.0,39.91248089608239,-2.8103616813294234,336.50568
21/03/2021 at 13:06:06,857.0,39.91248089608239,-2.8103616813294234,336.5592
21/03/2021 at 13:06:08,860.0,39.91248089608239,-2.8103616813294234,336.58496
21/03/2021 at 13:06:11,863.0,39.91248089608239,-2.8103616813294234,336.61313
21/03/2021 at 13:06:14,865.0,39.91248089608239,-2.8103616813294234,336.6718
21/03/2021 at 13:06:17,868.0,39.91248089608239,-2.8103616813294234,336.72055
21/03/2021 at 13:06:20,871.0,39.91248089608239,-2.8103616813294234,336.76004
21/03/2021 at 13:06:22,874.0,39.91248089608239,-2.8103616813294234,336.80878
21/03/2021 at 13:06:25,876.0,39.91248089608239,-2.8103616813294234,336.84723
21/03/2021 at 13:06:28,879.0,39.91248089608239,-2.8103616813294234,336.896
21/03/2021 at 13:06:31,882.0,39.91248089608239,-2.8103616813294234,336.9612
21/03/2021 at 13:06:33,885.0,39.91248089608239,-2.8103616813294234,336.99863
21/03/2021 at 13:06:36,888.0,39.91248089608239,-2.8103616813294234,337.03055
21/03/2021 at 13:06:39,890.0,39.91248089608239,-2.8103616813294234,337.08994
21/03/2021 at 13:06:42,893.0,39.91248089608239,-2.8103616813294234,337.14487
21/03/2021 at 13:06:45,896.0,39.91248089608239,-2.8103616813294234,337.17062
21/03/2021 at 13:06:47,899.0,39.91248089608239,-2.8103616813294234,337.23413
21/03/2021 at 13:06:50,901.0,39.91248089608239,-2.8103616813294234,337.28183
21/03/2021 at 13:06:53,904.0,39.91248089608239,-2.8103616813294234,337.31412
21/03/2021 at 13:06:56,907.0,39.91248089608239,-2.8103616813294234,337.34122
21/03/2021 at 13:06:58,910.0,39.91248089608239,-2.8103616813294234,337.40472
21/03/2021 at 13:07:01,913.0,39.91248089608239,-2.8103616813294234,337.43668
21/03/2021 at 13:07:04,915.0,39.91248089608239,-2.8103616813294234,337.4775
21/03/2021 at 13:07:07,918.0,39.91248089608239,-2.8103616813294234,337.53998
21/03/2021 at 13:07:10,921.0,39.91248089608239,-2.8103616813294234,337.57056
21/03/2021 at 13:07:12,924.0,39.91248089608239,-2.8103616813294234,337.60797
21/03/2021 at 13:07:15,926.0,39.91248089608239,-2.8103616813294234,337.65396
21/03/2021 at 13:07:18,929.0,39.91248089608239,-2.8103616813294234,337.6845
21/03/2021 at 13:07:21,932.0,39.91248089608239,-2.8103616813294234,337.7202
21/03/2021 at 13:07:23,935.0,39.91248089608239,-2.8103616813294234,337.77927
21/03/2021 at 13:07:26,938.0,39.91248089608239,-2.8103616813294234,337.8246
21/03/2021 at 13:07:29,940.0,39.91248089608239,-2.8103616813294234,337.86267
21/03/2021 at 13:07:32,943.0,39.91248089608239,-2.8103616813294234,337.93066
21/03/2021 at 13:07:35,946.0,39.91248089608239,-2.8103616813294234,337.96774
21/03/2021 at 13:07:37,949.0,39.91248089608239,-2.8103616813294234,337.98972
21/03/2021 at 13:07:40,951.0,39.91248089608239,-2.8103616813294234,338.04874
21/03/2021 at 13:07:43,954.0,39.91248089608239,-2.8103616813294234,338.09235
21/03/2021 at 13:07:46,957.0,39.91248089608239,-2.8103616813294234,338.12598
21/03/2021 at 13:07:48,960.0,39.91248089608239,-2.8103616813294234,338.1871
21/03/2021 at 13:07:51,963.0,39.91248089608239,-2.8103616813294234,338.21902
21/03/2021 at 13:07:54,965.0,39.91248089608239,-2.8103616813294234,338.24304
21/03/2021 at 13:07:57,968.0,39.91248089608239,-2.8103616813294234,338.30692
21/03/2021 at 13:08:00,971.0,39.91248089608239,-2.8103616813294234,338.35736
21/03/2021 at 13:08:02,974.0,39.91248089608239,-2.8103616813294234,338.38757
21/03/2021 at 13:08:05,977.0,39.91248089608239,-2.8103616813294234,338.44318
21/03/2021 at 13:08:08,979.0,39.91248089608239,-2.8103616813294234,338.4775
21/03/2021 at 13:08:11,982.0,39.91248089608239,-2.8103616813294234,338.5019
21/03/2021 at 13:08:13,985.0,39.91248089608239,-2.8103616813294234,338.53314
21/03/2021 at 13:08:16,988.0,39.91248089608239,-2.8103616813294234,338.60144
21/03/2021 at 13:08:19,990.0,39.91248089608239,-2.8103616813294234,338.63782
21/03/2021 at 13:08:22,993.0,39.91248089608239,-2.8103616813294234,338.67902
21/03/2021 at 13:08:25,996.0,39.857300891665396,-2.8103616813294234,338.73328
21/03/2021 at 13:08:27,999.0,39.857300891665396,-2.8103616813294234,338.7597
21/03/2021 at 13:08:30,1002.0,39.857300891665396,-2.8103616813294234,338.79437
21/03/2021 at 13:08:33,1004.0,39.857300891665396,-2.8103616813294234,338.84518
21/03/2021 at 13:08:36,1007.0,39.857300891665396,-2.8103616813294234,338.8809
21/03/2021 at 13:08:38,1010.0,39.857300891665396,-2.8103616813294234,338.91315
21/03/2021 at 13:08:41,1013.0,39.857300891665396,-2.8103616813294234,338.9722
21/03/2021 at 13:08:44,1015.0,39.857300891665396,-2.8103616813294234,339.0024
21/03/2021 at 13:08:47,1018.0,39.857300891665396,-2.8103616813294234,339.02094
21/03/2021 at 13:08:50,1021.0,39.857300891665396,-2.8103616813294234,339.0673
21/03/2021 at 13:08:52,1024.0,39.857300891665396,-2.8103616813294234,339.10367
21/03/2021 at 13:08:55,1027.0,39.857300891665396,-2.8103616813294234,339.13458
21/03/2021 at 13:08:58,1029.0,39.857300891665396,-2.8103616813294234,339.173
21/03/2021 at 13:09:01,1032.0,39.857300891665396,-2.8103616813294234,339.21524
21/03/2021 at 13:09:03,1035.0,39.857300891665396,-2.8103616813294234,339.2365
21/03/2021 at 13:09:06,1038.0,39.857300891665396,-2.8103616813294234,339.2767
21/03/2021 at 13:09:09,1040.0,39.857300891665396,-2.8103616813294234,339.3261
21/03/2021 at 13:09:12,1043.0,39.857300891665396,-2.8103616813294234,339.3567
21/03/2021 at 13:09:15,1046.0,39.857300891665396,-2.8103616813294234,339.3934
21/03/2021 at 13:09:17,1049.0,39.857300891665396,-2.8103616813294234,339.42157
21/03/2021 at 13:09:20,1052.0,39.857300891665396,-2.8103616813294234,339.44217
21/03/2021 at 13:09:23,1054.0,39.857300891665396,-2.8103616813294234,339.48782
21/03/2021 at 13:09:26,1057.0,39.857300891665396,-2.8103616813294234,339.5259
21/03/2021 at 13:09:29,1060.0,39.857300891665396,-2.8103616813294234,339.54034
21/03/2021 at 13:09:31,1063.0,39.857300891665396,-2.8103616813294234,339.58566
21/03/2021 at 13:09:34,1065.0,39.857300891665396,-2.8103616813294234,339.62958
21/03/2021 at 13:09:37,1068.0,39.857300891665396,-2.8103616813294234,339.65637
21/03/2021 at 13:09:40,1071.0,39.857300891665396,-2.8103616813294234,339.68143
21/03/2021 at 13:09:42,1074.0,39.857300891665396,-2.8103616813294234,339.72504
21/03/2021 at 13:09:45,1077.0,39.857300891665396,-2.8103616813294234,339.75662
21/03/2021 at 13:09:48,1079.0,39.857300891665396,-2.8103616813294234,339.78442
21/03/2021 at 13:09:51,1082.0,39.857300891665396,-2.8103616813294234,339.8232
21/03/2021 at 13:09:54,1085.0,39.857300891665396,-2.8103616813294234,339.85992
21/03/2021 at 13:09:56,1088.0,39.857300891665396,-2.8103616813294234,339.88602
21/03/2021 at 13:09:59,1090.0,39.857300891665396,-2.8103616813294234,339.90457
21/03/2021 at 13:10:02,1093.0,39.857300891665396,-2.8103616813294234,339.9303
21/03/2021 at 13:10:05,1096.0,39.857300891665396,-2.8103616813294234,339.96875
21/03/2021 at 13:10:07,1099.0,39.857300891665396,-2.8103616813294234,339.9983
21/03/2021 at 13:10:10,1102.0,39.857300891665396,-2.8103616813294234,340.04257
21/03/2021 at 13:10:13,1104.0,39.857300891665396,-2.8103616813294234,340.07208
21/03/2021 at 13:10:16,1107.0,39.857300891665396,-2.8103616813294234,340.09338
21/03/2021 at 13:10:19,1110.0,39.857300891665396,-2.8103616813294234,340.15036
21/03/2021 at 13:10:21,1113.0,39.857300891665396,-2.8103616813294234,340.1785
21/03/2021 at 13:10:24,1115.0,39.857300891665396,-2.8103616813294234,340.19672
21/03/2021 at 13:10:27,1118.0,39.857300891665396,-2.8103616813294234,340.23825
21/03/2021 at 13:10:30,1121.0,39.857300891665396,-2.8103616813294234,340.28253
21/03/2021 at 13:10:32,1124.0,39.802258665180545,-2.8103616813294234,340.2832
21/03/2021 at 13:10:35,1127.0,39.802258665180545,-2.8103616813294234,340.19672
21/03/2021 at 13:10:38,1129.0,39.802258665180545,-2.8103616813294234,340.13284
21/03/2021 at 13:10:41,1132.0,39.802258665180545,-2.8103616813294234,340.0508
21/03/2021 at 13:10:44,1135.0,39.857300891665396,-2.8103616813294234,339.9952
21/03/2021 at 13:10:46,1138.0,39.857300891665396,-2.8103616813294234,340.04462
21/03/2021 at 13:10:49,1141.0,39.857300891665396,-2.8103616813294234,340.06934
21/03/2021 at 13:10:52,1143.0,39.857300891665396,-2.8103616813294234,340.11295
21/03/2021 at 13:10:55,1146.0,39.857300891665396,-2.8103616813294234,340.16547
21/03/2021 at 13:10:58,1149.0,39.857300891665396,-2.8103616813294234,340.20596
21/03/2021 at 13:11:00,1152.0,39.857300891665396,-2.8103616813294234,340.23926
21/03/2021 at 13:11:03,1154.0,39.857300891665396,-2.8103616813294234,340.2839
21/03/2021 at 13:11:06,1157.0,39.857300891665396,-2.8103616813294234,340.31412
21/03/2021 at 13:11:09,1160.0,39.857300891665396,-2.8103616813294234,340.3457
21/03/2021 at 13:11:11,1163.0,39.857300891665396,-2.8103616813294234,340.37692
21/03/2021 at 13:11:14,1166.0,39.857300891665396,-2.8103616813294234,340.39648
21/03/2021 at 13:11:17,1168.0,39.857300891665396,-2.8103616813294234,340.41608
21/03/2021 at 13:11:20,1171.0,39.857300891665396,-2.8103616813294234,340.45795
21/03/2021 at 13:11:22,1174.0,39.857300891665396,-2.8103616813294234,340.4734
21/03/2021 at 13:11:25,1177.0,39.857300891665396,-2.8103616813294234,340.48883
21/03/2021 at 13:11:28,1179.0,39.857300891665396,-2.8103616813294234,340.52695
21/03/2021 at 13:11:31,1182.0,39.857300891665396,-2.8103616813294234,340.5393
21/03/2021 at 13:11:34,1185.0,39.857300891665396,-2.8103616813294234,340.56677
21/03/2021 at 13:11:36,1188.0,39.857300891665396,-2.8103616813294234,340.61002
21/03/2021 at 13:11:39,1191.0,39.857300891665396,-2.8103616813294234,340.6327
21/03/2021 at 13:11:42,1193.0,39.857300891665396,-2.8103616813294234,340.6433
21/03/2021 at 13:11:45,1196.0,39.802258665180545,-2.8103616813294234,340.6804
21/03/2021 at 13:11:48,1199.0,39.802258665180545,-2.8103616813294234,340.58667
21/03/2021 at 13:11:50,1202.0,39.802258665180545,-2.8103616813294234,340.4775
21/03/2021 at 13:11:53,1204.0,39.802258665180545,-2.8103616813294234,340.425
21/03/2021 at 13:11:56,1207.0,39.857300891665396,-2.8103616813294234,340.35944
21/03/2021 at 13:11:59,1210.0,39.857300891665396,-2.8103616813294234,340.39236
21/03/2021 at 13:12:01,1213.0,39.857300891665396,-2.8103616813294234,340.46548
21/03/2021 at 13:12:04,1216.0,39.857300891665396,-2.8103616813294234,340.49158
21/03/2021 at 13:12:07,1218.0,39.857300891665396,-2.8103616813294234,340.53107
21/03/2021 at 13:12:10,1221.0,39.857300891665396,-2.8103616813294234,340.57056
21/03/2021 at 13:12:13,1224.0,39.857300891665396,-2.8103616813294234,340.59354
21/03/2021 at 13:12:15,1227.0,39.857300891665396,-2.8103616813294234,340.59665
21/03/2021 at 13:12:18,1229.0,39.857300891665396,-2.8103616813294234,340.6083
21/03/2021 at 13:12:21,1232.0,39.857300891665396,-2.8103616813294234,340.6193
21/03/2021 at 13:12:24,1235.0,39.857300891665396,-2.8103616813294234,340.64505
21/03/2021 at 13:12:26,1238.0,39.857300891665396,-2.8103616813294234,340.6574
21/03/2021 at 13:12:29,1241.0,39.857300891665396,-2.8103616813294234,340.6828
21/03/2021 at 13:12:32,1243.0,39.802258665180545,-2.8103616813294234,340.70615
21/03/2021 at 13:12:35,1246.0,39.802258665180545,-2.8103616813294234,340.59424
21/03/2021 at 13:12:38,1249.0,39.857300891665396,-2.8103616813294234,340.51013
21/03/2021 at 13:12:40,1252.0,39.857300891665396,-2.8103616813294234,340.53964
21/03/2021 at 13:12:43,1255.0,39.857300891665396,-2.8103616813294234,340.58292
21/03/2021 at 13:12:46,1257.0,39.857300891665396,-2.8103616813294234,340.6145
21/03/2021 at 13:12:49,1260.0,39.857300891665396,-2.8103616813294234,340.64606
21/03/2021 at 13:12:51,1263.0,39.857300891665396,-2.8103616813294234,340.6924
21/03/2021 at 13:12:54,1266.0,39.857300891665396,-2.8103616813294234,340.71094
21/03/2021 at 13:12:57,1268.0,39.857300891665396,-2.8103616813294234,340.74323
21/03/2021 at 13:13:00,1271.0,39.857300891665396,-2.8103616813294234,340.76828
21/03/2021 at 13:13:03,1274.0,39.857300891665396,-2.8103616813294234,340.78064
21/03/2021 at 13:13:05,1277.0,39.857300891665396,-2.8103616813294234,340.80603
21/03/2021 at 13:13:08,1280.0,39.857300891665396,-2.8103616813294234,340.83212
21/03/2021 at 13:13:11,1282.0,39.857300891665396,-2.8103616813294234,340.85376
21/03/2021 at 13:13:14,1285.0,39.857300891665396,-2.8103616813294234,340.8874
21/03/2021 at 13:13:16,1288.0,39.857300891665396,-2.8103616813294234,340.89117
21/03/2021 at 13:13:19,1291.0,39.802258665180545,-2.8103616813294234,340.89737
21/03/2021 at 13:13:22,1293.0,39.802258665180545,-2.8103616813294234,340.79092
21/03/2021 at 13:13:25,1296.0,39.857300891665396,-2.8103616813294234,340.69037
21/03/2021 at 13:13:28,1299.0,39.857300891665396,-2.8103616813294234,340.7233
21/03/2021 at 13:13:30,1302.0,39.857300891665396,-2.8103616813294234,340.747
21/03/2021 at 13:13:33,1305.0,39.857300891665396,-2.8103616813294234,340.77136
21/03/2021 at 13:13:36,1307.0,39.857300891665396,-2.8103616813294234,340.8081
21/03/2021 at 13:13:39,1310.0,39.857300891665396,-2.8103616813294234,340.83386
21/03/2021 at 13:13:42,1313.0,39.857300891665396,-2.8103616813294234,340.86337
21/03/2021 at 13:13:44,1316.0,39.857300891665396,-2.8103616813294234,340.88672
21/03/2021 at 13:13:47,1318.0,39.857300891665396,-2.8103616813294234,340.9015
21/03/2021 at 13:13:50,1321.0,39.857300891665396,-2.8103616813294234,340.91348
21/03/2021 at 13:13:53,1324.0,39.857300891665396,-2.8103616813294234,340.94507
21/03/2021 at 13:13:55,1327.0,39.857300891665396,-2.8103616813294234,340.954
21/03/2021 at 13:13:58,1330.0,39.857300891665396,-2.8103616813294234,340.95676
21/03/2021 at 13:14:01,1332.0,39.857300891665396,-2.8103616813294234,340.96362
21/03/2021 at 13:14:04,1335.0,39.857300891665396,-2.8103616813294234,340.97562
21/03/2021 at 13:14:07,1338.0,39.857300891665396,-2.8103616813294234,340.97803
21/03/2021 at 13:14:09,1341.0,39.857300891665396,-2.8103616813294234,340.98456
21/03/2021 at 13:14:12,1343.0,39.857300891665396,-2.8103616813294234,341.00308
21/03/2021 at 13:14:15,1346.0,39.857300891665396,-2.8103616813294234,341.01715
21/03/2021 at 13:14:18,1349.0,39.857300891665396,-2.8103616813294234,341.06866
21/03/2021 at 13:14:20,1352.0,39.857300891665396,-2.8103616813294234,341.10675
21/03/2021 at 13:14:23,1355.0,39.857300891665396,-2.8103616813294234,341.14624
21/03/2021 at 13:14:26,1357.0,39.857300891665396,-2.8103616813294234,341.18057
21/03/2021 at 13:14:29,1360.0,39.857300891665396,-2.8103616813294234,341.19772
21/03/2021 at 13:14:32,1363.0,39.857300891665396,-2.8103616813294234,341.23447
21/03/2021 at 13:14:34,1366.0,39.857300891665396,-2.8103616813294234,341.265
21/03/2021 at 13:14:37,1368.0,39.857300891665396,-2.8103616813294234,341.30072
21/03/2021 at 13:14:40,1371.0,39.857300891665396,-2.8103616813294234,341.32785
21/03/2021 at 13:14:43,1374.0,39.857300891665396,-2.8103616813294234,341.35016
21/03/2021 at 13:14:46,1377.0,39.857300891665396,-2.8103616813294234,341.37247
21/03/2021 at 13:14:48,1380.0,39.857300891665396,-2.8103616813294234,341.39822
21/03/2021 at 13:14:51,1382.0,39.857300891665396,-2.8103616813294234,341.41812
21/03/2021 at 13:14:54,1385.0,39.857300891665396,-2.8103616813294234,341.437
21/03/2021 at 13:14:57,1388.0,39.857300891665396,-2.8103616813294234,341.4679
21/03/2021 at 13:14:59,1391.0,39.857300891665396,-2.8103616813294234,341.4926
21/03/2021 at 13:15:02,1394.0,39.857300891665396,-2.8103616813294234,341.5036
21/03/2021 at 13:15:05,1396.0,39.857300891665396,-2.8103616813294234,341.52695
21/03/2021 at 13:15:08,1399.0,39.857300891665396,-2.8103616813294234,341.53485
21/03/2021 at 13:15:11,1402.0,39.857300891665396,-2.8103616813294234,341.54996
21/03/2021 at 13:15:13,1405.0,39.857300891665396,-2.8103616813294234,341.56128
21/03/2021 at 13:15:16,1407.0,39.857300891665396,-2.8103616813294234,341.58084
21/03/2021 at 13:15:19,1410.0,39.857300891665396,-2.8103616813294234,341.59973
21/03/2021 at 13:15:22,1413.0,39.857300891665396,-2.8103616813294234,341.58667
21/03/2021 at 13:15:24,1416.0,39.857300891665396,-2.8103616813294234,341.597
21/03/2021 at 13:15:27,1419.0,39.857300891665396,-2.8103616813294234,341.61313
21/03/2021 at 13:15:30,1421.0,39.857300891665396,-2.8103616813294234,341.6121
21/03/2021 at 13:15:33,1424.0,39.857300891665396,-2.8103616813294234,341.6265
21/03/2021 at 13:15:36,1427.0,39.857300891665396,-2.8103616813294234,341.6392
21/03/2021 at 13:15:38,1430.0,39.857300891665396,-2.8103616813294234,341.65292
21/03/2021 at 13:15:41,1432.0,39.857300891665396,-2.8103616813294234,341.67215
21/03/2021 at 13:15:44,1435.0,39.857300891665396,-2.8103616813294234,341.68176
21/03/2021 at 13:15:47,1438.0,39.857300891665396,-2.8103616813294234,341.713
21/03/2021 at 13:15:49,1441.0,39.857300891665396,-2.8103616813294234,341.73328
21/03/2021 at 13:15:52,1444.0,39.857300891665396,-2.8103616813294234,341.7573
21/03/2021 at 13:15:55,1446.0,39.857300891665396,-2.8103616813294234,341.76657
21/03/2021 at 13:15:58,1449.0,39.857300891665396,-2.8103616813294234,341.77032
21/03/2021 at 13:16:01,1452.0,39.857300891665396,-2.8103616813294234,341.80365
21/03/2021 at 13:16:03,1455.0,39.857300891665396,-2.8103616813294234,341.8129
21/03/2021 at 13:16:06,1458.0,39.857300891665396,-2.8103616813294234,341.8603
21/03/2021 at 13:16:09,1460.0,39.802258665180545,-2.8103616813294234,341.87503
21/03/2021 at 13:16:12,1463.0,39.802258665180545,-2.8103616813294234,341.7851
21/03/2021 at 13:16:15,1466.0,39.857300891665396,-2.8103616813294234,341.68967
21/03/2021 at 13:16:17,1469.0,39.857300891665396,-2.8103616813294234,341.71918
21/03/2021 at 13:16:20,1471.0,39.857300891665396,-2.8103616813294234,341.75113
21/03/2021 at 13:16:23,1474.0,39.857300891665396,-2.8103616813294234,341.78442
21/03/2021 at 13:16:26,1477.0,39.857300891665396,-2.8103616813294234,341.8215
21/03/2021 at 13:16:28,1480.0,39.857300891665396,-2.8103616813294234,341.8644
21/03/2021 at 13:16:31,1483.0,39.857300891665396,-2.8103616813294234,341.88705
21/03/2021 at 13:16:34,1485.0,39.857300891665396,-2.8103616813294234,341.9111
21/03/2021 at 13:16:37,1488.0,39.857300891665396,-2.8103616813294234,341.93787
21/03/2021 at 13:16:40,1491.0,39.857300891665396,-2.8103616813294234,341.9945
21/03/2021 at 13:16:42,1494.0,39.857300891665396,-2.8103616813294234,342.04016
21/03/2021 at 13:16:45,1496.0,39.857300891665396,-2.8103616813294234,342.0817
21/03/2021 at 13:16:48,1499.0,39.857300891665396,-2.8103616813294234,342.1253
21/03/2021 at 13:16:51,1502.0,39.802258665180545,-2.8103616813294234,342.13834
21/03/2021 at 13:16:53,1505.0,39.802258665180545,-2.8103616813294234,342.04498
21/03/2021 at 13:16:56,1508.0,39.857300891665396,-2.8103616813294234,341.95468
21/03/2021 at 13:16:59,1510.0,39.857300891665396,-2.8103616813294234,342.00516
21/03/2021 at 13:17:02,1513.0,39.857300891665396,-2.8103616813294234,342.05664
21/03/2021 at 13:17:05,1516.0,39.857300891665396,-2.8103616813294234,342.1246
21/03/2021 at 13:17:07,1519.0,39.857300891665396,-2.8103616813294234,342.15207
21/03/2021 at 13:17:10,1522.0,39.857300891665396,-2.8103616813294234,342.184
21/03/2021 at 13:17:13,1524.0,39.857300891665396,-2.8103616813294234,342.2166
21/03/2021 at 13:17:16,1527.0,39.857300891665396,-2.8103616813294234,342.2537
21/03/2021 at 13:17:19,1530.0,39.857300891665396,-2.8103616813294234,342.2877
21/03/2021 at 13:17:21,1533.0,39.857300891665396,-2.8103616813294234,342.31204
21/03/2021 at 13:17:24,1535.0,39.857300891665396,-2.8103616813294234,342.35153
21/03/2021 at 13:17:27,1538.0,39.857300891665396,-2.8103616813294234,342.37555
21/03/2021 at 13:17:30,1541.0,39.857300891665396,-2.8103616813294234,342.41434
21/03/2021 at 13:17:32,1544.0,39.857300891665396,-2.8103616813294234,342.4497
21/03/2021 at 13:17:35,1547.0,39.857300891665396,-2.8103616813294234,342.46548
21/03/2021 at 13:17:38,1549.0,39.857300891665396,-2.8103616813294234,342.50876
21/03/2021 at 13:17:41,1552.0,39.857300891665396,-2.8103616813294234,342.53793
21/03/2021 at 13:17:44,1555.0,39.857300891665396,-2.8103616813294234,342.56058
21/03/2021 at 13:17:46,1558.0,39.857300891665396,-2.8103616813294234,342.57742
21/03/2021 at 13:17:49,1561.0,39.857300891665396,-2.8103616813294234,342.60385
21/03/2021 at 13:17:52,1563.0,39.857300891665396,-2.8103616813294234,342.6423
21/03/2021 at 13:17:55,1566.0,39.857300891665396,-2.8103616813294234,342.6639
21/03/2021 at 13:17:57,1569.0,39.857300891665396,-2.8103616813294234,342.69208
21/03/2021 at 13:18:00,1572.0,39.857300891665396,-2.8103616813294234,342.72742
21/03/2021 at 13:18:03,1574.0,39.857300891665396,-2.8103616813294234,342.759
21/03/2021 at 13:18:06,1577.0,39.857300891665396,-2.8103616813294234,342.78717
21/03/2021 at 13:18:09,1580.0,39.857300891665396,-2.8103616813294234,342.81668
21/03/2021 at 13:18:11,1583.0,39.857300891665396,-2.8103616813294234,342.8431
21/03/2021 at 13:18:14,1586.0,39.857300891665396,-2.8103616813294234,342.87128
21/03/2021 at 13:18:17,1588.0,39.857300891665396,-2.8103616813294234,342.88843
21/03/2021 at 13:18:20,1591.0,39.857300891665396,-2.8103616813294234,342.92276
21/03/2021 at 13:18:23,1594.0,39.857300891665396,-2.8103616813294234,342.9176
21/03/2021 at 13:18:25,1597.0,39.857300891665396,-2.8103616813294234,342.9499
21/03/2021 at 13:18:28,1599.0,39.857300891665396,-2.8103616813294234,342.97357
21/03/2021 at 13:18:31,1602.0,39.857300891665396,-2.8103616813294234,343.00446
21/03/2021 at 13:18:34,1605.0,39.857300891665396,-2.8103616813294234,343.0405
21/03/2021 at 13:18:36,1608.0,39.857300891665396,-2.8103616813294234,343.06866
21/03/2021 at 13:18:39,1611.0,39.802258665180545,-2.8103616813294234,343.1023
21/03/2021 at 13:18:42,1613.0,39.802258665180545,-2.8103616813294234,342.9945
21/03/2021 at 13:18:45,1616.0,39.857300891665396,-2.8103616813294234,342.89804
21/03/2021 at 13:18:48,1619.0,39.857300891665396,-2.8103616813294234,342.95056
21/03/2021 at 13:18:50,1622.0,39.857300891665396,-2.8103616813294234,343.0048
21/03/2021 at 13:18:53,1625.0,39.857300891665396,-2.8103616813294234,343.05356
21/03/2021 at 13:18:56,1627.0,39.857300891665396,-2.8103616813294234,343.12393
21/03/2021 at 13:18:59,1630.0,39.857300891665396,-2.8103616813294234,343.17645
21/03/2021 at 13:19:02,1633.0,39.857300891665396,-2.8103616813294234,343.20975
21/03/2021 at 13:19:04,1636.0,39.857300891665396,-2.8103616813294234,343.23962
21/03/2021 at 13:19:07,1638.0,39.857300891665396,-2.8103616813294234,343.28287
21/03/2021 at 13:19:10,1641.0,39.857300891665396,-2.8103616813294234,343.31787
21/03/2021 at 13:19:13,1644.0,39.857300891665396,-2.8103616813294234,343.3584
21/03/2021 at 13:19:15,1647.0,39.857300891665396,-2.8103616813294234,343.3934
21/03/2021 at 13:19:18,1650.0,39.857300891665396,-2.8103616813294234,343.41882
21/03/2021 at 13:19:21,1652.0,39.857300891665396,-2.8103616813294234,343.45316
21/03/2021 at 13:19:24,1655.0,39.857300891665396,-2.8103616813294234,343.4947
21/03/2021 at 13:19:27,1658.0,39.857300891665396,-2.8103616813294234,343.52386
21/03/2021 at 13:19:29,1661.0,39.857300891665396,-2.8103616813294234,343.54996
21/03/2021 at 13:19:32,1664.0,39.857300891665396,-2.8103616813294234,343.59012
21/03/2021 at 13:19:35,1666.0,39.857300891665396,-2.8103616813294234,343.6234
21/03/2021 at 13:19:38,1669.0,39.857300891665396,-2.8103616813294234,343.6488
21/03/2021 at 13:19:41,1672.0,39.802258665180545,-2.8103616813294234,343.6804
21/03/2021 at 13:19:43,1675.0,39.802258665180545,-2.8103616813294234,343.60452
21/03/2021 at 13:19:46,1677.0,39.857300891665396,-2.8103616813294234,343.51184
21/03/2021 at 13:19:49,1680.0,39.857300891665396,-2.8103616813294234,343.57568
21/03/2021 at 13:19:52,1683.0,39.857300891665396,-2.8103616813294234,343.61313
21/03/2021 at 13:19:54,1686.0,39.857300891665396,-2.8103616813294234,343.67834
21/03/2021 at 13:19:57,1689.0,39.857300891665396,-2.8103616813294234,343.74014
21/03/2021 at 13:20:00,1691.0,39.857300891665396,-2.8103616813294234,343.7834
21/03/2021 at 13:20:03,1694.0,39.857300891665396,-2.8103616813294234,343.82492
21/03/2021 at 13:20:06,1697.0,39.857300891665396,-2.8103616813294234,343.8788
21/03/2021 at 13:20:08,1700.0,39.857300891665396,-2.8103616813294234,343.91898
21/03/2021 at 13:20:11,1703.0,39.857300891665396,-2.8103616813294234,343.97324
21/03/2021 at 13:20:14,1705.0,39.857300891665396,-2.8103616813294234,344.01477
21/03/2021 at 13:20:17,1708.0,39.857300891665396,-2.8103616813294234,344.0642
21/03/2021 at 13:20:20,1711.0,39.857300891665396,-2.8103616813294234,344.10883
21/03/2021 at 13:20:22,1714.0,39.857300891665396,-2.8103616813294234,344.14282
21/03/2021 at 13:20:25,1716.0,39.857300891665396,-2.8103616813294234,344.18365
21/03/2021 at 13:20:28,1719.0,39.857300891665396,-2.8103616813294234,344.20975
21/03/2021 at 13:20:31,1722.0,39.857300891665396,-2.8103616813294234,344.24786
21/03/2021 at 13:20:33,1725.0,39.857300891665396,-2.8103616813294234,344.2918
21/03/2021 at 13:20:36,1728.0,39.857300891665396,-2.8103616813294234,344.3268
21/03/2021 at 13:20:39,1730.0,39.857300891665396,-2.8103616813294234,344.35495
21/03/2021 at 13:20:42,1733.0,39.857300891665396,-2.8103616813294234,344.391
21/03/2021 at 13:20:45,1736.0,39.857300891665396,-2.8103616813294234,344.41882
21/03/2021 at 13:20:47,1739.0,39.857300891665396,-2.8103616813294234,344.4384
21/03/2021 at 13:20:50,1741.0,39.857300891665396,-2.8103616813294234,344.47098
21/03/2021 at 13:20:53,1744.0,39.857300891665396,-2.8103616813294234,344.5187
21/03/2021 at 13:20:56,1747.0,39.857300891665396,-2.8103616813294234,344.55338
21/03/2021 at 13:20:58,1750.0,39.857300891665396,-2.8103616813294234,344.55646
21/03/2021 at 13:21:01,1753.0,39.857300891665396,-2.8103616813294234,344.60315
21/03/2021 at 13:21:04,1755.0,39.857300891665396,-2.8103616813294234,344.63885
21/03/2021 at 13:21:07,1758.0,39.857300891665396,-2.8103616813294234,344.66565
21/03/2021 at 13:21:10,1761.0,39.857300891665396,-2.8103616813294234,344.6924
21/03/2021 at 13:21:12,1764.0,39.857300891665396,-2.8103616813294234,344.7202
21/03/2021 at 13:21:15,1767.0,39.857300891665396,-2.8103616813294234,344.74185
21/03/2021 at 13:21:18,1769.0,39.857300891665396,-2.8103616813294234,344.77994
21/03/2021 at 13:21:21,1772.0,39.857300891665396,-2.8103616813294234,344.79266
21/03/2021 at 13:21:24,1775.0,39.857300891665396,-2.8103616813294234,344.79092
21/03/2021 at 13:21:26,1778.0,39.857300891665396,-2.8103616813294234,344.79916
21/03/2021 at 13:21:29,1780.0,39.857300891665396,-2.8103616813294234,344.8325
21/03/2021 at 13:21:32,1783.0,39.857300891665396,-2.8103616813294234,344.84003
21/03/2021 at 13:21:35,1786.0,39.857300891665396,-2.8103616813294234,344.86096
21/03/2021 at 13:21:37,1789.0,39.857300891665396,-2.8103616813294234,344.87952
21/03/2021 at 13:21:40,1792.0,39.857300891665396,-2.8103616813294234,344.91968
21/03/2021 at 13:21:43,1794.0,39.857300891665396,-2.8103616813294234,344.9499
21/03/2021 at 13:21:46,1797.0,39.857300891665396,-2.8103616813294234,344.98798
21/03/2021 at 13:21:49,1800.0,39.857300891665396,-2.8103616813294234,345.01065
21/03/2021 at 13:21:51,1803.0,39.857300891665396,-2.8103616813294234,345.0285
21/03/2021 at 13:21:54,1805.0,39.857300891665396,-2.8103616813294234,345.04736
21/03/2021 at 13:21:57,1808.0,39.857300891665396,-2.8103616813294234,345.0769
21/03/2021 at 13:22:00,1811.0,39.857300891665396,-2.8103616813294234,345.09955
21/03/2021 at 13:22:02,1814.0,39.857300891665396,-2.8103616813294234,345.12152
21/03/2021 at 13:22:05,1817.0,39.857300891665396,-2.8103616813294234,345.13217
21/03/2021 at 13:22:08,1819.0,39.857300891665396,-2.8103616813294234,345.1459
21/03/2021 at 13:22:11,1822.0,39.857300891665396,-2.8103616813294234,345.17163
21/03/2021 at 13:22:14,1825.0,39.857300891665396,-2.8103616813294234,345.19568
21/03/2021 at 13:22:16,1828.0,39.857300891665396,-2.8103616813294234,345.21457
21/03/2021 at 13:22:19,1831.0,39.857300891665396,-2.8103616813294234,345.22623
21/03/2021 at 13:22:22,1833.0,39.857300891665396,-2.8103616813294234,345.2283
21/03/2021 at 13:22:25,1836.0,39.857300891665396,-2.8103616813294234,345.24512
21/03/2021 at 13:22:28,1839.0,39.857300891665396,-2.8103616813294234,345.25574
21/03/2021 at 13:22:30,1842.0,39.857300891665396,-2.8103616813294234,345.27567
21/03/2021 at 13:22:33,1844.0,39.857300891665396,-2.8103616813294234,345.29352
21/03/2021 at 13:22:36,1847.0,39.857300891665396,-2.8103616813294234,345.31824
21/03/2021 at 13:22:39,1850.0,39.857300891665396,-2.8103616813294234,345.32544
21/03/2021 at 13:22:41,1853.0,39.857300891665396,-2.8103616813294234,345.33847
21/03/2021 at 13:22:44,1856.0,39.857300891665396,-2.8103616813294234,345.3512
21/03/2021 at 13:22:47,1858.0,39.857300891665396,-2.8103616813294234,345.37143
21/03/2021 at 13:22:50,1861.0,39.857300891665396,-2.8103616813294234,345.38895
21/03/2021 at 13:22:53,1864.0,39.857300891665396,-2.8103616813294234,345.41125
21/03/2021 at 13:22:55,1867.0,39.857300891665396,-2.8103616813294234,345.41916
21/03/2021 at 13:22:58,1870.0,39.857300891665396,-2.8103616813294234,345.4298
21/03/2021 at 13:23:01,1872.0,39.857300891665396,-2.8103616813294234,345.43118
21/03/2021 at 13:23:04,1875.0,39.857300891665396,-2.8103616813294234,345.4504
21/03/2021 at 13:23:07,1878.0,39.857300891665396,-2.8103616813294234,345.46823
21/03/2021 at 13:23:09,1881.0,39.857300891665396,-2.8103616813294234,345.48712
21/03/2021 at 13:23:12,1883.0,39.857300891665396,-2.8103616813294234,345.494
21/03/2021 at 13:23:15,1886.0,39.857300891665396,-2.8103616813294234,345.50497
21/03/2021 at 13:23:18,1889.0,39.857300891665396,-2.8103616813294234,345.49948
21/03/2021 at 13:23:21,1892.0,39.857300891665396,-2.8103616813294234,345.51596
21/03/2021 at 13:23:23,1895.0,39.857300891665396,-2.8103616813294234,345.53003
21/03/2021 at 13:23:26,1897.0,39.857300891665396,-2.8103616813294234,345.53278
21/03/2021 at 13:23:29,1900.0,39.857300891665396,-2.8103616813294234,345.54822
21/03/2021 at 13:23:32,1903.0,39.857300891665396,-2.8103616813294234,345.55783
21/03/2021 at 13:23:34,1906.0,39.857300891665396,-2.8103616813294234,345.57535
21/03/2021 at 13:23:37,1909.0,39.857300891665396,-2.8103616813294234,345.59253
21/03/2021 at 13:23:40,1911.0,39.857300891665396,-2.8103616813294234,345.59732
21/03/2021 at 13:23:43,1914.0,39.857300891665396,-2.8103616813294234,345.60626
21/03/2021 at 13:23:46,1917.0,39.857300891665396,-2.8103616813294234,345.6138
21/03/2021 at 13:23:48,1920.0,39.857300891665396,-2.8103616813294234,345.6337
21/03/2021 at 13:23:51,1923.0,39.802258665180545,-2.8103616813294234,345.6488
21/03/2021 at 13:23:54,1925.0,39.802258665180545,-2.8103616813294234,345.51013
21/03/2021 at 13:23:57,1928.0,39.857300891665396,-2.8103616813294234,345.39923
21/03/2021 at 13:23:59,1931.0,39.857300891665396,-2.8103616813294234,345.44525
21/03/2021 at 13:24:02,1934.0,39.857300891665396,-2.8103616813294234,345.45728
21/03/2021 at 13:24:05,1936.0,39.857300891665396,-2.8103616813294234,345.49707
21/03/2021 at 13:24:08,1939.0,39.857300891665396,-2.8103616813294234,345.51974
21/03/2021 at 13:24:11,1942.0,39.857300891665396,-2.8103616813294234,345.55646
21/03/2021 at 13:24:13,1945.0,39.857300891665396,-2.8103616813294234,345.57123
21/03/2021 at 13:24:16,1948.0,39.857300891665396,-2.8103616813294234,345.58978
21/03/2021 at 13:24:19,1950.0,39.857300891665396,-2.8103616813294234,345.5987
21/03/2021 at 13:24:22,1953.0,39.857300891665396,-2.8103616813294234,345.56744
21/03/2021 at 13:24:25,1956.0,39.857300891665396,-2.8103616813294234,345.58188
21/03/2021 at 13:24:27,1959.0,39.857300891665396,-2.8103616813294234,345.5932
21/03/2021 at 13:24:30,1961.0,39.857300891665396,-2.8103616813294234,345.60214
21/03/2021 at 13:24:33,1964.0,39.857300891665396,-2.8103616813294234,345.61996
21/03/2021 at 13:24:36,1967.0,39.857300891665396,-2.8103616813294234,345.61176
21/03/2021 at 13:24:38,1970.0,39.857300891665396,-2.8103616813294234,345.61826
21/03/2021 at 13:24:41,1973.0,39.857300891665396,-2.8103616813294234,345.63748
21/03/2021 at 13:24:44,1975.0,39.857300891665396,-2.8103616813294234,345.6454
21/03/2021 at 13:24:47,1978.0,39.857300891665396,-2.8103616813294234,345.6512
21/03/2021 at 13:24:50,1981.0,39.857300891665396,-2.8103616813294234,345.65704
21/03/2021 at 13:24:52,1984.0,39.857300891665396,-2.8103616813294234,345.66873
21/03/2021 at 13:24:55,1987.0,39.857300891665396,-2.8103616813294234,345.68384
21/03/2021 at 13:24:58,1989.0,39.857300891665396,-2.8103616813294234,345.70407
21/03/2021 at 13:25:01,1992.0,39.857300891665396,-2.8103616813294234,345.69516
21/03/2021 at 13:25:03,1995.0,39.857300891665396,-2.8103616813294234,345.69824
21/03/2021 at 13:25:06,1998.0,39.857300891665396,-2.8103616813294234,345.7185
21/03/2021 at 13:25:09,2000.0,39.857300891665396,-2.8103616813294234,345.7422
21/03/2021 at 13:25:12,2003.0,39.857300891665396,-2.8103616813294234,345.75696
21/03/2021 at 13:25:15,2006.0,39.857300891665396,-2.8103616813294234,345.77756
21/03/2021 at 13:25:17,2009.0,39.857300891665396,-2.8103616813294234,345.8009
21/03/2021 at 13:25:20,2012.0,39.857300891665396,-2.8103616813294234,345.81464
21/03/2021 at 13:25:23,2014.0,39.857300891665396,-2.8103616813294234,345.8119
21/03/2021 at 13:25:26,2017.0,39.857300891665396,-2.8103616813294234,345.82733
21/03/2021 at 13:25:29,2020.0,39.857300891665396,-2.8103616813294234,345.83728
21/03/2021 at 13:25:31,2023.0,39.857300891665396,-2.8103616813294234,345.8493
21/03/2021 at 13:25:34,2026.0,39.857300891665396,-2.8103616813294234,345.862
21/03/2021 at 13:25:37,2028.0,39.857300891665396,-2.8103616813294234,345.8596
21/03/2021 at 13:25:40,2031.0,39.857300891665396,-2.8103616813294234,345.87985
21/03/2021 at 13:25:42,2034.0,39.857300891665396,-2.8103616813294234,345.88226
21/03/2021 at 13:25:45,2037.0,39.857300891665396,-2.8103616813294234,345.896
21/03/2021 at 13:25:48,2039.0,39.857300891665396,-2.8103616813294234,345.89496
21/03/2021 at 13:25:51,2042.0,39.857300891665396,-2.8103616813294234,345.89633
21/03/2021 at 13:25:54,2045.0,39.857300891665396,-2.8103616813294234,345.90012
21/03/2021 at 13:25:56,2048.0,39.857300891665396,-2.8103616813294234,345.9128
21/03/2021 at 13:25:59,2051.0,39.857300891665396,-2.8103616813294234,345.92242
21/03/2021 at 13:26:02,2053.0,39.857300891665396,-2.8103616813294234,345.93066
21/03/2021 at 13:26:05,2056.0,39.857300891665396,-2.8103616813294234,345.9293
21/03/2021 at 13:26:08,2059.0,39.857300891665396,-2.8103616813294234,345.93753
21/03/2021 at 13:26:10,2062.0,39.857300891665396,-2.8103616813294234,345.95468
21/03/2021 at 13:26:13,2064.0,39.857300891665396,-2.8103616813294234,345.94678
21/03/2021 at 13:26:16,2067.0,39.857300891665396,-2.8103616813294234,345.95364
21/03/2021 at 13:26:19,2070.0,39.857300891665396,-2.8103616813294234,345.98215
21/03/2021 at 13:26:21,2073.0,39.857300891665396,-2.8103616813294234,345.98523
21/03/2021 at 13:26:24,2076.0,39.857300891665396,-2.8103616813294234,345.98798
21/03/2021 at 13:26:27,2078.0,39.857300891665396,-2.8103616813294234,345.99622
21/03/2021 at 13:26:30,2081.0,39.857300891665396,-2.8103616813294234,346.00034
21/03/2021 at 13:26:33,2084.0,39.857300891665396,-2.8103616813294234,346.01303
21/03/2021 at 13:26:35,2087.0,39.857300891665396,-2.8103616813294234,346.01715
21/03/2021 at 13:26:38,2090.0,39.857300891665396,-2.8103616813294234,346.02264
21/03/2021 at 13:26:41,2092.0,39.857300891665396,-2.8103616813294234,346.03433
21/03/2021 at 13:26:44,2095.0,39.857300891665396,-2.8103616813294234,346.06522
21/03/2021 at 13:26:47,2098.0,39.857300891665396,-2.8103616813294234,346.06076
21/03/2021 at 13:26:49,2101.0,39.857300891665396,-2.8103616813294234,346.05972
21/03/2021 at 13:26:52,2103.0,39.857300891665396,-2.8103616813294234,346.06592
21/03/2021 at 13:26:55,2106.0,39.857300891665396,-2.8103616813294234,346.06796
21/03/2021 at 13:26:58,2109.0,39.857300891665396,-2.8103616813294234,346.07828
21/03/2021 at 13:27:00,2112.0,39.857300891665396,-2.8103616813294234,346.0817
21/03/2021 at 13:27:03,2115.0,39.857300891665396,-2.8103616813294234,346.09338
21/03/2021 at 13:27:06,2117.0,39.857300891665396,-2.8103616813294234,346.08994
21/03/2021 at 13:27:09,2120.0,39.857300891665396,-2.8103616813294234,346.11707
21/03/2021 at 13:27:12,2123.0,39.857300891665396,-2.8103616813294234,346.1236
21/03/2021 at 13:27:14,2126.0,39.857300891665396,-2.8103616813294234,346.1253
21/03/2021 at 13:27:17,2129.0,39.857300891665396,-2.8103616813294234,346.12152
21/03/2021 at 13:27:20,2131.0,39.857300891665396,-2.8103616813294234,346.12735
21/03/2021 at 13:27:23,2134.0,39.857300891665396,-2.8103616813294234,346.0992
21/03/2021 at 13:27:25,2137.0,39.857300891665396,-2.8103616813294234,346.11053
21/03/2021 at 13:27:28,2140.0,39.857300891665396,-2.8103616813294234,346.12668
21/03/2021 at 13:27:31,2142.0,39.857300891665396,-2.8103616813294234,346.13422
21/03/2021 at 13:27:34,2145.0,39.857300891665396,-2.8103616813294234,346.14145
21/03/2021 at 13:27:37,2148.0,39.857300891665396,-2.8103616813294234,346.13766
21/03/2021 at 13:27:39,2151.0,39.857300891665396,-2.8103616813294234,346.1538
21/03/2021 at 13:27:42,2154.0,39.857300891665396,-2.8103616813294234,346.1452
21/03/2021 at 13:27:45,2156.0,39.857300891665396,-2.8103616813294234,346.14624
21/03/2021 at 13:27:48,2159.0,39.857300891665396,-2.8103616813294234,346.15652
21/03/2021 at 13:27:51,2162.0,39.857300891665396,-2.8103616813294234,346.16202
21/03/2021 at 13:27:53,2165.0,39.857300891665396,-2.8103616813294234,346.15723
21/03/2021 at 13:27:56,2167.0,39.857300891665396,-2.8103616813294234,346.16855
21/03/2021 at 13:27:59,2170.0,39.857300891665396,-2.8103616813294234,346.16992
21/03/2021 at 13:28:02,2173.0,39.857300891665396,-2.8103616813294234,346.1737
21/03/2021 at 13:28:04,2176.0,39.857300891665396,-2.8103616813294234,346.18262
21/03/2021 at 13:28:07,2179.0,39.857300891665396,-2.8103616813294234,346.1991
21/03/2021 at 13:28:10,2181.0,39.857300891665396,-2.8103616813294234,346.1881
21/03/2021 at 13:28:13,2184.0,39.857300891665396,-2.8103616813294234,346.19843
21/03/2021 at 13:28:16,2187.0,39.857300891665396,-2.8103616813294234,346.20908
21/03/2021 at 13:28:18,2190.0,39.857300891665396,-2.8103616813294234,346.22107
21/03/2021 at 13:28:21,2192.0,39.857300891665396,-2.8103616813294234,346.2252
21/03/2021 at 13:28:24,2195.0,39.857300891665396,-2.8103616813294234,346.23996
21/03/2021 at 13:28:27,2198.0,39.857300891665396,-2.8103616813294234,346.23962
21/03/2021 at 13:28:29,2201.0,39.857300891665396,-2.8103616813294234,346.25266
21/03/2021 at 13:28:32,2204.0,39.857300891665396,-2.8103616813294234,346.265
21/03/2021 at 13:28:35,2206.0,39.857300891665396,-2.8103616813294234,346.2609
21/03/2021 at 13:28:38,2209.0,39.857300891665396,-2.8103616813294234,346.27396
21/03/2021 at 13:28:41,2212.0,39.857300891665396,-2.8103616813294234,346.27567
21/03/2021 at 13:28:43,2215.0,39.802258665180545,-2.8103616813294234,346.276
21/03/2021 at 13:28:46,2218.0,39.857300891665396,-2.8103616813294234,346.13596
21/03/2021 at 13:28:49,2220.0,39.857300891665396,-2.8103616813294234,346.14694
21/03/2021 at 13:28:52,2223.0,39.857300891665396,-2.8103616813294234,346.16925
21/03/2021 at 13:28:54,2226.0,39.857300891665396,-2.8103616813294234,346.19534
21/03/2021 at 13:28:57,2229.0,39.802258665180545,-2.8103616813294234,346.2125
21/03/2021 at 13:29:00,2231.0,39.802258665180545,-2.8103616813294234,346.07553
21/03/2021 at 13:29:03,2234.0,39.857300891665396,-2.8103616813294234,345.9722
21/03/2021 at 13:29:06,2237.0,39.857300891665396,-2.8103616813294234,346.00858
21/03/2021 at 13:29:08,2240.0,39.857300891665396,-2.8103616813294234,346.06076
21/03/2021 at 13:29:11,2243.0,39.857300891665396,-2.8103616813294234,346.09338
21/03/2021 at 13:29:14,2245.0,39.857300891665396,-2.8103616813294234,346.12152
21/03/2021 at 13:29:17,2248.0,39.857300891665396,-2.8103616813294234,346.14008
21/03/2021 at 13:29:20,2251.0,39.857300891665396,-2.8103616813294234,346.1579
21/03/2021 at 13:29:22,2254.0,39.857300891665396,-2.8103616813294234,346.15927
21/03/2021 at 13:29:25,2257.0,39.857300891665396,-2.8103616813294234,346.16925
21/03/2021 at 13:29:28,2259.0,39.857300891665396,-2.8103616813294234,346.19568
21/03/2021 at 13:29:31,2262.0,39.857300891665396,-2.8103616813294234,346.20837
21/03/2021 at 13:29:34,2265.0,39.857300891665396,-2.8103616813294234,346.20596
21/03/2021 at 13:29:36,2268.0,39.857300891665396,-2.8103616813294234,346.20837
21/03/2021 at 13:29:39,2270.0,39.857300891665396,-2.8103616813294234,346.2228
21/03/2021 at 13:29:42,2273.0,39.857300891665396,-2.8103616813294234,346.23138
21/03/2021 at 13:29:45,2276.0,39.857300891665396,-2.8103616813294234,346.22726
21/03/2021 at 13:29:47,2279.0,39.857300891665396,-2.8103616813294234,346.23926
21/03/2021 at 13:29:50,2282.0,39.857300891665396,-2.8103616813294234,346.24475
21/03/2021 at 13:29:53,2284.0,39.857300891665396,-2.8103616813294234,346.2482
21/03/2021 at 13:29:56,2287.0,39.857300891665396,-2.8103616813294234,346.2458
21/03/2021 at 13:29:59,2290.0,39.857300891665396,-2.8103616813294234,346.26022
21/03/2021 at 13:30:01,2293.0,39.857300891665396,-2.8103616813294234,346.26297
21/03/2021 at 13:30:04,2296.0,39.857300891665396,-2.8103616813294234,346.2626
21/03/2021 at 13:30:07,2298.0,39.857300891665396,-2.8103616813294234,346.27188
21/03/2021 at 13:30:10,2301.0,39.857300891665396,-2.8103616813294234,346.27496
21/03/2021 at 13:30:13,2304.0,39.857300891665396,-2.8103616813294234,346.2784
21/03/2021 at 13:30:15,2307.0,39.857300891665396,-2.8103616813294234,346.2839
21/03/2021 at 13:30:18,2309.0,39.857300891665396,-2.8103616813294234,346.29456
21/03/2021 at 13:30:21,2312.0,39.857300891665396,-2.8103616813294234,346.30692
21/03/2021 at 13:30:24,2315.0,39.857300891665396,-2.8103616813294234,346.27463
21/03/2021 at 13:30:26,2318.0,39.857300891665396,-2.8103616813294234,346.26535
21/03/2021 at 13:30:29,2321.0,39.857300891665396,-2.8103616813294234,346.2633
21/03/2021 at 13:30:32,2323.0,39.857300891665396,-2.8103616813294234,346.25574
21/03/2021 at 13:30:35,2326.0,39.857300891665396,-2.8103616813294234,346.24716
21/03/2021 at 13:30:38,2329.0,39.857300891665396,-2.8103616813294234,346.2592
21/03/2021 at 13:30:40,2332.0,39.857300891665396,-2.8103616813294234,346.25024
21/03/2021 at 13:30:43,2334.0,39.857300891665396,-2.8103616813294234,346.24063
21/03/2021 at 13:30:46,2337.0,39.857300891665396,-2.8103616813294234,346.24338
21/03/2021 at 13:30:49,2340.0,39.857300891665396,-2.8103616813294234,346.25266
21/03/2021 at 13:30:51,2343.0,39.857300891665396,-2.8103616813294234,346.2499
21/03/2021 at 13:30:54,2346.0,39.857300891665396,-2.8103616813294234,346.2592
21/03/2021 at 13:30:57,2348.0,39.857300891665396,-2.8103616813294234,346.2743
21/03/2021 at 13:31:00,2351.0,39.857300891665396,-2.8103616813294234,346.27325
21/03/2021 at 13:31:03,2354.0,39.857300891665396,-2.8103616813294234,346.2705
21/03/2021 at 13:31:05,2357.0,39.857300891665396,-2.8103616813294234,346.2822
21/03/2021 at 13:31:08,2360.0,39.857300891665396,-2.8103616813294234,346.27496
21/03/2021 at 13:31:11,2362.0,39.857300891665396,-2.8103616813294234,346.27396
21/03/2021 at 13:31:14,2365.0,39.857300891665396,-2.8103616813294234,346.2777
21/03/2021 at 13:31:17,2368.0,39.857300891665396,-2.8103616813294234,346.30588
21/03/2021 at 13:31:19,2371.0,39.857300891665396,-2.8103616813294234,346.31857
21/03/2021 at 13:31:22,2373.0,39.857300891665396,-2.8103616813294234,346.33197
21/03/2021 at 13:31:25,2376.0,39.857300891665396,-2.8103616813294234,346.35187
21/03/2021 at 13:31:28,2379.0,39.857300891665396,-2.8103616813294234,346.34982
21/03/2021 at 13:31:30,2382.0,39.857300891665396,-2.8103616813294234,346.3656
21/03/2021 at 13:31:33,2385.0,39.857300891665396,-2.8103616813294234,346.3773
21/03/2021 at 13:31:36,2387.0,39.857300891665396,-2.8103616813294234,346.38483
21/03/2021 at 13:31:39,2390.0,39.857300891665396,-2.8103616813294234,346.3958
21/03/2021 at 13:31:42,2393.0,39.857300891665396,-2.8103616813294234,346.41125
21/03/2021 at 13:31:44,2396.0,39.857300891665396,-2.8103616813294234,346.40884
21/03/2021 at 13:31:47,2399.0,39.857300891665396,-2.8103616813294234,346.4085
21/03/2021 at 13:31:50,2401.0,39.857300891665396,-2.8103616813294234,346.42432
21/03/2021 at 13:31:53,2404.0,39.857300891665396,-2.8103616813294234,346.41882
21/03/2021 at 13:31:55,2407.0,39.857300891665396,-2.8103616813294234,346.42157
21/03/2021 at 13:31:58,2410.0,39.857300891665396,-2.8103616813294234,346.42432
21/03/2021 at 13:32:01,2412.0,39.857300891665396,-2.8103616813294234,346.4322
21/03/2021 at 13:32:04,2415.0,39.857300891665396,-2.8103616813294234,346.43668
21/03/2021 at 13:32:07,2418.0,39.857300891665396,-2.8103616813294234,346.43494
21/03/2021 at 13:32:09,2421.0,39.857300891665396,-2.8103616813294234,346.43735
21/03/2021 at 13:32:12,2424.0,39.857300891665396,-2.8103616813294234,346.4267
21/03/2021 at 13:32:15,2426.0,39.857300891665396,-2.8103616813294234,346.4257
21/03/2021 at 13:32:18,2429.0,39.857300891665396,-2.8103616813294234,346.43256
21/03/2021 at 13:32:21,2432.0,39.857300891665396,-2.8103616813294234,346.44696
21/03/2021 at 13:32:23,2435.0,39.857300891665396,-2.8103616813294234,346.4463
21/03/2021 at 13:32:26,2438.0,39.857300891665396,-2.8103616813294234,346.4329
21/03/2021 at 13:32:29,2440.0,39.857300891665396,-2.8103616813294234,346.437
21/03/2021 at 13:32:32,2443.0,39.857300891665396,-2.8103616813294234,346.43256
21/03/2021 at 13:32:34,2446.0,39.857300891665396,-2.8103616813294234,346.4463
21/03/2021 at 13:32:37,2449.0,39.857300891665396,-2.8103616813294234,346.43805
21/03/2021 at 13:32:40,2451.0,39.857300891665396,-2.8103616813294234,346.44766
21/03/2021 at 13:32:43,2454.0,39.857300891665396,-2.8103616813294234,346.4463
21/03/2021 at 13:32:46,2457.0,39.857300891665396,-2.8103616813294234,346.44113
21/03/2021 at 13:32:48,2460.0,39.857300891665396,-2.8103616813294234,346.425
21/03/2021 at 13:32:51,2463.0,39.857300891665396,-2.8103616813294234,346.43323
21/03/2021 at 13:32:54,2465.0,39.857300891665396,-2.8103616813294234,346.44043
21/03/2021 at 13:32:57,2468.0,39.857300891665396,-2.8103616813294234,346.45245
21/03/2021 at 13:33:00,2471.0,39.857300891665396,-2.8103616813294234,346.4576
21/03/2021 at 13:33:02,2474.0,39.857300891665396,-2.8103616813294234,346.45416
21/03/2021 at 13:33:05,2477.0,39.857300891665396,-2.8103616813294234,346.45245
21/03/2021 at 13:33:08,2479.0,39.857300891665396,-2.8103616813294234,346.44833
21/03/2021 at 13:33:11,2482.0,39.857300891665396,-2.8103616813294234,346.44833
21/03/2021 at 13:33:13,2485.0,39.857300891665396,-2.8103616813294234,346.448
21/03/2021 at 13:33:16,2488.0,39.857300891665396,-2.8103616813294234,346.448
21/03/2021 at 13:33:19,2490.0,39.857300891665396,-2.8103616813294234,346.45245
21/03/2021 at 13:33:22,2493.0,39.857300891665396,-2.8103616813294234,346.35806
21/03/2021 at 13:33:25,2496.0,39.857300891665396,-2.8103616813294234,346.31824
21/03/2021 at 13:33:27,2499.0,39.857300891665396,-2.8103616813294234,346.30347
21/03/2021 at 13:33:30,2501.0,39.857300891665396,-2.8103616813294234,346.31
21/03/2021 at 13:33:33,2504.0,39.857300891665396,-2.8103616813294234,346.34055
21/03/2021 at 13:33:36,2507.0,39.857300891665396,-2.8103616813294234,346.3457
21/03/2021 at 13:33:38,2510.0,39.857300891665396,-2.8103616813294234,346.34122
21/03/2021 at 13:33:41,2513.0,39.857300891665396,-2.8103616813294234,346.33813
21/03/2021 at 13:33:44,2515.0,39.857300891665396,-2.8103616813294234,346.3354
21/03/2021 at 13:33:47,2518.0,39.857300891665396,-2.8103616813294234,346.33435
21/03/2021 at 13:33:50,2521.0,39.857300891665396,-2.8103616813294234,346.34808
21/03/2021 at 13:33:52,2524.0,39.857300891665396,-2.8103616813294234,346.3584
21/03/2021 at 13:33:55,2526.0,39.857300891665396,-2.8103616813294234,346.35565
21/03/2021 at 13:33:58,2529.0,39.857300891665396,-2.8103616813294234,346.34122
21/03/2021 at 13:34:01,2532.0,39.857300891665396,-2.8103616813294234,346.36285
21/03/2021 at 13:34:03,2535.0,39.857300891665396,-2.8103616813294234,346.3457
21/03/2021 at 13:34:06,2538.0,39.857300891665396,-2.8103616813294234,346.35806
21/03/2021 at 13:34:09,2540.0,39.857300891665396,-2.8103616813294234,346.37625
21/03/2021 at 13:34:12,2543.0,39.857300891665396,-2.8103616813294234,346.3735
21/03/2021 at 13:34:15,2546.0,39.857300891665396,-2.8103616813294234,346.36905
21/03/2021 at 13:34:17,2549.0,39.857300891665396,-2.8103616813294234,346.35083
21/03/2021 at 13:34:20,2551.0,39.857300891665396,-2.8103616813294234,346.3505
21/03/2021 at 13:34:23,2554.0,39.857300891665396,-2.8103616813294234,346.3395
21/03/2021 at 13:34:26,2557.0,39.857300891665396,-2.8103616813294234,346.36697
21/03/2021 at 13:34:28,2560.0,39.857300891665396,-2.8103616813294234,346.36493
21/03/2021 at 13:34:31,2563.0,39.857300891665396,-2.8103616813294234,346.34946
21/03/2021 at 13:34:34,2565.0,39.857300891665396,-2.8103616813294234,346.3656
21/03/2021 at 13:34:37,2568.0,39.857300891665396,-2.8103616813294234,346.35495
21/03/2021 at 13:34:40,2571.0,39.857300891665396,-2.8103616813294234,346.3577
21/03/2021 at 13:34:42,2574.0,39.857300891665396,-2.8103616813294234,346.3577
21/03/2021 at 13:34:45,2576.0,39.857300891665396,-2.8103616813294234,346.368
21/03/2021 at 13:34:48,2579.0,39.857300891665396,-2.8103616813294234,346.35495
21/03/2021 at 13:34:51,2582.0,39.857300891665396,-2.8103616813294234,346.37384
21/03/2021 at 13:34:53,2585.0,39.857300891665396,-2.8103616813294234,346.37625
21/03/2021 at 13:34:56,2588.0,39.857300891665396,-2.8103616813294234,346.35532
21/03/2021 at 13:34:59,2590.0,39.857300891665396,-2.8103616813294234,346.36768
21/03/2021 at 13:35:02,2593.0,39.857300891665396,-2.8103616813294234,346.36044
21/03/2021 at 13:35:05,2596.0,39.857300891665396,-2.8103616813294234,346.3395
21/03/2021 at 13:35:07,2599.0,39.857300891665396,-2.8103616813294234,346.35187
21/03/2021 at 13:35:10,2602.0,39.857300891665396,-2.8103616813294234,346.36182
21/03/2021 at 13:35:13,2604.0,39.857300891665396,-2.8103616813294234,346.3663
21/03/2021 at 13:35:16,2607.0,39.857300891665396,-2.8103616813294234,346.36526
21/03/2021 at 13:35:18,2610.0,39.857300891665396,-2.8103616813294234,346.3656
21/03/2021 at 13:35:21,2613.0,39.857300891665396,-2.8103616813294234,346.3354
21/03/2021 at 13:35:24,2615.0,39.857300891665396,-2.8103616813294234,346.3244
21/03/2021 at 13:35:27,2618.0,39.857300891665396,-2.8103616813294234,346.34946
21/03/2021 at 13:35:30,2621.0,39.857300891665396,-2.8103616813294234,346.34055
21/03/2021 at 13:35:32,2624.0,39.857300891665396,-2.8103616813294234,346.3299
21/03/2021 at 13:35:35,2627.0,39.857300891665396,-2.8103616813294234,346.34433
21/03/2021 at 13:35:38,2629.0,39.857300891665396,-2.8103616813294234,346.33505
21/03/2021 at 13:35:41,2632.0,39.857300891665396,-2.8103616813294234,346.32544
21/03/2021 at 13:35:43,2635.0,39.857300891665396,-2.8103616813294234,346.34225
21/03/2021 at 13:35:46,2638.0,39.857300891665396,-2.8103616813294234,346.33298
21/03/2021 at 13:35:49,2640.0,39.857300891665396,-2.8103616813294234,346.322
21/03/2021 at 13:35:52,2643.0,39.857300891665396,-2.8103616813294234,346.34845
21/03/2021 at 13:35:55,2646.0,39.857300891665396,-2.8103616813294234,346.33676
21/03/2021 at 13:35:57,2649.0,39.857300891665396,-2.8103616813294234,346.3251
21/03/2021 at 13:36:00,2652.0,39.857300891665396,-2.8103616813294234,346.31824
21/03/2021 at 13:36:03,2654.0,39.857300891665396,-2.8103616813294234,346.30862
21/03/2021 at 13:36:06,2657.0,39.857300891665396,-2.8103616813294234,346.30826
21/03/2021 at 13:36:09,2660.0,39.857300891665396,-2.8103616813294234,346.32336
21/03/2021 at 13:36:11,2663.0,39.857300891665396,-2.8103616813294234,346.322
21/03/2021 at 13:36:14,2665.0,39.857300891665396,-2.8103616813294234,346.30862
21/03/2021 at 13:36:17,2668.0,39.857300891665396,-2.8103616813294234,346.31583
21/03/2021 at 13:36:20,2671.0,39.857300891665396,-2.8103616813294234,346.31375
21/03/2021 at 13:36:22,2674.0,39.857300891665396,-2.8103616813294234,346.29593
21/03/2021 at 13:36:25,2677.0,39.857300891665396,-2.8103616813294234,346.29694
21/03/2021 at 13:36:28,2679.0,39.857300891665396,-2.8103616813294234,346.30963
21/03/2021 at 13:36:31,2682.0,39.857300891665396,-2.8103616813294234,346.3028
21/03/2021 at 13:36:34,2685.0,39.857300891665396,-2.8103616813294234,346.3093
21/03/2021 at 13:36:36,2688.0,39.857300891665396,-2.8103616813294234,346.31857
21/03/2021 at 13:36:39,2690.0,39.857300891665396,-2.8103616813294234,346.30518
21/03/2021 at 13:36:42,2693.0,39.857300891665396,-2.8103616813294234,346.31924
21/03/2021 at 13:36:45,2696.0,39.857300891665396,-2.8103616813294234,346.31616
21/03/2021 at 13:36:47,2699.0,39.857300891665396,-2.8103616813294234,346.30038
21/03/2021 at 13:36:50,2702.0,39.857300891665396,-2.8103616813294234,346.29144
21/03/2021 at 13:36:53,2704.0,39.857300891665396,-2.8103616813294234,346.30243
21/03/2021 at 13:36:56,2707.0,39.857300891665396,-2.8103616813294234,346.29282
21/03/2021 at 13:36:59,2710.0,39.857300891665396,-2.8103616813294234,346.28632
21/03/2021 at 13:37:01,2713.0,39.857300891665396,-2.8103616813294234,346.29968
21/03/2021 at 13:37:04,2715.0,39.857300891665396,-2.8103616813294234,346.2911
21/03/2021 at 13:37:07,2718.0,39.857300891665396,-2.8103616813294234,346.2832
21/03/2021 at 13:37:10,2721.0,39.857300891665396,-2.8103616813294234,346.29694
21/03/2021 at 13:37:12,2724.0,39.857300891665396,-2.8103616813294234,346.29352