Absolute Time,Time Elapsed,Temperature,Vref,Average Output

15/05/2020 at 16:06:34,0.0,42.179910269832604,-4.335288367546432,451.89456
15/05/2020 at 16:06:37,3.0,42.179910269832604,-4.335288367546432,449.24667
15/05/2020 at 16:06:40,6.0,42.179910269832604,-4.335288367546432,448.62997
15/05/2020 at 16:06:43,9.0,42.179910269832604,-4.335288367546432,448.41132
15/05/2020 at 16:06:46,11.0,42.179910269832604,-4.335288367546432,448.27786
15/05/2020 at 16:06:49,14.0,42.179910269832604,-4.335288367546432,448.16754
15/05/2020 at 16:07:04,30.0,42.179910269832604,-4.335288367546432,521.1629
15/05/2020 at 16:07:08,33.0,42.179910269832604,-4.335288367546432,517.92926
15/05/2020 at 16:07:11,36.0,42.179910269832604,-4.335288367546432,517.3992
15/05/2020 at 16:07:26,51.0,42.179910269832604,-4.335288367546432,449.59244
15/05/2020 at 16:07:29,54.0,42.179910269832604,-4.335288367546432,448.1658
15/05/2020 at 16:07:32,57.0,42.179910269832604,-4.335288367546432,447.8443
15/05/2020 at 16:07:38,63.0,41.51641722413324,-4.335288367546432,467.77817
15/05/2020 at 16:07:42,67.0,40.98803080350943,-4.335288367546432,475.14963
15/05/2020 at 16:07:46,71.0,40.75719727805131,-4.335288367546432,478.67706
15/05/2020 at 16:07:49,74.0,40.58564465931099,-4.335288367546432,481.54794
15/05/2020 at 16:07:52,78.0,40.41541678443419,-4.335288367546432,484.32526
15/05/2020 at 16:07:56,81.0,40.24649335053262,-4.335288367546432,486.42722
15/05/2020 at 16:07:59,84.0,40.19047197284957,-4.335288367546432,487.92374
15/05/2020 at 16:08:02,87.0,40.0232570098668,-4.335288367546432,489.37463
15/05/2020 at 16:08:05,90.0,39.96779936991534,-4.335288367546432,490.74985
15/05/2020 at 16:08:08,93.0,39.857300891665396,-4.335288367546432,492.18774
15/05/2020 at 16:08:11,97.0,39.747353530310804,-4.335288367546432,493.52457
15/05/2020 at 16:08:14,100.0,39.63795181567482,-4.335288367546432,494.9584
15/05/2020 at 16:08:18,103.0,39.52909035862105,-4.335288367546432,496.0575
15/05/2020 at 16:08:21,106.0,39.474860564349,-4.335288367546432,497.10284
15/05/2020 at 16:08:24,109.0,39.366799562402925,-4.335288367546432,498.17938
15/05/2020 at 16:08:27,112.0,39.25926568939127,-4.335288367546432,499.02542
15/05/2020 at 16:08:30,115.0,39.20569482401323,-4.335288367546432,500.01184
15/05/2020 at 16:08:33,118.0,39.1522538275271,-4.335288367546432,500.7594
15/05/2020 at 16:08:36,121.0,39.045758933194875,-4.335288367546432,501.54852
15/05/2020 at 16:08:39,124.0,38.93977603552408,-4.335288367546432,502.38187
15/05/2020 at 16:08:42,128.0,38.88697505158759,-4.335288367546432,503.15857
15/05/2020 at 16:08:45,131.0,38.83430023499695,-4.335288367546432,503.87695
15/05/2020 at 16:08:48,134.0,38.72932670208938,-4.335288367546432,504.57684
15/05/2020 at 16:08:51,137.0,38.62485067594398,-4.335288367546432,505.34863
15/05/2020 at 16:08:54,140.0,38.62485067594398,-4.335288367546432,506.00693
15/05/2020 at 16:08:57,143.0,38.52086746307452,-4.335288367546432,506.74033
15/05/2020 at 16:09:00,146.0,38.46905921301362,-4.335288367546432,507.44714
15/05/2020 at 16:09:03,149.0,38.36580656403937,-4.335288367546432,508.03958
15/05/2020 at 16:09:06,152.0,38.31436103251234,-4.335288367546432,508.72214
15/05/2020 at 16:09:09,155.0,38.26303528114378,-4.335288367546432,509.40237
15/05/2020 at 16:09:12,158.0,38.211828753462974,-4.335288367546432,510.02136
15/05/2020 at 16:09:15,161.0,38.109771162590334,-4.335288367546432,510.6762
15/05/2020 at 16:09:18,164.0,38.058919005658694,-4.335288367546432,511.3778
15/05/2020 at 16:09:21,167.0,37.95756526272872,-4.335288367546432,512.0858
15/05/2020 at 16:09:24,170.0,37.907062605464205,-4.335288367546432,512.77325
15/05/2020 at 16:09:27,173.0,37.856675382945504,-4.335288367546432,513.4388
15/05/2020 at 16:09:30,176.0,37.80640306867365,-4.335288367546432,514.1652
15/05/2020 at 16:09:33,178.0,37.70620107681131,-4.335288367546432,514.9061
15/05/2020 at 16:09:36,181.0,37.65627036406202,-4.335288367546432,515.66785
15/05/2020 at 16:09:39,184.0,37.60645248917781,-4.335288367546432,516.4379
15/05/2020 at 16:09:42,187.0,37.507153221029554,-4.335288367546432,517.2559
15/05/2020 at 16:09:45,190.0,37.45767082033295,-4.335288367546432,518.0335
15/05/2020 at 16:09:48,193.0,37.40829924257501,-4.335288367546432,518.85266
15/05/2020 at 16:09:50,196.0,37.35903799245707,-4.335288367546432,519.5297
15/05/2020 at 16:09:54,199.0,37.260844510482166,-4.335288367546432,521.31714
15/05/2020 at 16:09:57,202.0,37.21191130447548,-4.335288367546432,523.13434
15/05/2020 at 16:10:00,205.0,37.16308647775131,-4.335288367546432,524.8426
15/05/2020 at 16:10:03,208.0,37.11436955128462,-4.335288367546432,526.51154
15/05/2020 at 16:10:06,211.0,37.065760049219236,-4.335288367546432,527.89484
15/05/2020 at 16:10:08,214.0,37.065760049219236,-4.335288367546432,528.5237
15/05/2020 at 16:10:12,217.0,37.21191130447548,-4.335288367546432,525.6759
15/05/2020 at 16:10:16,221.0,37.55674694330632,-4.335288367546432,519.035
15/05/2020 at 16:10:20,225.0,37.70620107681131,-4.335288367546432,511.78543
15/05/2020 at 16:10:24,229.0,38.058919005658694,-4.335288367546432,506.59256
15/05/2020 at 16:10:27,233.0,38.211828753462974,-4.335288367546432,503.18018
15/05/2020 at 16:10:31,236.0,38.26303528114378,-4.335288367546432,501.17557
15/05/2020 at 16:10:34,239.0,38.31436103251234,-4.335288367546432,499.30032
15/05/2020 at 16:10:37,243.0,38.36580656403937,-4.335288367546432,497.3156
15/05/2020 at 16:10:40,246.0,38.41737243610064,-4.335288367546432,496.00403
15/05/2020 at 16:10:43,249.0,38.46905921301362,-4.335288367546432,494.7684
15/05/2020 at 16:10:46,252.0,38.46905921301362,-4.335288367546432,493.6422
15/05/2020 at 16:10:50,255.0,38.52086746307452,-4.335288367546432,492.24747
15/05/2020 at 16:10:53,258.0,38.52086746307452,-4.335288367546432,491.17325
15/05/2020 at 16:10:56,261.0,38.57279775859576,-4.335288367546432,490.26163
15/05/2020 at 16:10:59,264.0,38.57279775859576,-4.335288367546432,489.1383
15/05/2020 at 16:11:02,267.0,38.62485067594398,-4.335288367546432,488.2544
15/05/2020 at 16:11:05,270.0,38.62485067594398,-4.335288367546432,487.23102
15/05/2020 at 16:11:08,273.0,38.67702679557834,-4.335288367546432,486.14264
15/05/2020 at 16:11:11,276.0,38.67702679557834,-4.335288367546432,485.12476
15/05/2020 at 16:11:14,279.0,38.67702679557834,-4.335288367546432,483.99884
15/05/2020 at 16:11:17,282.0,38.72932670208938,-4.335288367546432,483.0592
15/05/2020 at 16:11:20,285.0,38.72932670208938,-4.335288367546432,482.15594
15/05/2020 at 16:11:23,288.0,38.72932670208938,-4.335288367546432,481.32834
15/05/2020 at 16:11:25,291.0,38.78175098423836,-4.335288367546432,480.5478
15/05/2020 at 16:11:28,294.0,38.78175098423836,-4.335288367546432,479.58273
15/05/2020 at 16:11:31,297.0,38.78175098423836,-4.335288367546432,478.98846
15/05/2020 at 16:11:34,300.0,38.78175098423836,-4.335288367546432,478.20908
15/05/2020 at 16:11:37,303.0,38.83430023499695,-4.335288367546432,477.61218
15/05/2020 at 16:11:40,305.0,38.83430023499695,-4.335288367546432,477.02887
15/05/2020 at 16:11:43,308.0,38.83430023499695,-4.335288367546432,476.4906
15/05/2020 at 16:11:46,311.0,38.83430023499695,-4.335288367546432,476.03928
15/05/2020 at 16:11:49,314.0,38.88697505158759,-4.335288367546432,475.6292
15/05/2020 at 16:11:52,317.0,38.88697505158759,-4.335288367546432,475.31534
15/05/2020 at 16:11:55,320.0,38.88697505158759,-4.335288367546432,475.0361
15/05/2020 at 16:11:57,323.0,38.88697505158759,-4.335288367546432,474.7407
15/05/2020 at 16:12:00,326.0,38.88697505158759,-4.335288367546432,474.45337
15/05/2020 at 16:12:03,328.0,38.88697505158759,-4.335288367546432,474.1152
15/05/2020 at 16:12:06,331.0,38.93977603552408,-4.335288367546432,473.93127
15/05/2020 at 16:12:09,334.0,38.93977603552408,-4.335288367546432,473.5654
15/05/2020 at 16:12:12,337.0,38.93977603552408,-4.335288367546432,473.3644
15/05/2020 at 16:12:15,340.0,38.93977603552408,-4.335288367546432,473.0748
15/05/2020 at 16:12:17,343.0,38.93977603552408,-4.335288367546432,472.79672
15/05/2020 at 16:12:20,346.0,38.93977603552408,-4.335288367546432,472.4831
15/05/2020 at 16:12:23,348.0,38.93977603552408,-4.335288367546432,472.22003
15/05/2020 at 16:12:26,351.0,38.9927037926529,-4.335288367546432,471.89548
15/05/2020 at 16:12:29,354.0,38.9927037926529,-4.335288367546432,471.53278
15/05/2020 at 16:12:32,357.0,38.9927037926529,-4.335288367546432,471.27
15/05/2020 at 16:12:35,360.0,38.9927037926529,-4.335288367546432,471.12646
15/05/2020 at 16:12:37,363.0,38.9927037926529,-4.335288367546432,470.87265
15/05/2020 at 16:12:40,366.0,38.9927037926529,-4.335288367546432,470.27316
15/05/2020 at 16:12:43,368.0,38.9927037926529,-4.335288367546432,470.13486
15/05/2020 at 16:12:46,371.0,39.045758933194875,-4.335288367546432,469.70258
15/05/2020 at 16:12:49,374.0,39.045758933194875,-4.335288367546432,469.45135
15/05/2020 at 16:12:52,377.0,39.045758933194875,-4.335288367546432,469.11145
15/05/2020 at 16:12:55,380.0,39.045758933194875,-4.335288367546432,468.97314
15/05/2020 at 16:12:57,383.0,39.045758933194875,-4.335288367546432,468.73578
15/05/2020 at 16:13:00,386.0,39.045758933194875,-4.335288367546432,468.43112
15/05/2020 at 16:13:03,389.0,39.045758933194875,-4.335288367546432,468.10193
15/05/2020 at 16:13:06,391.0,39.045758933194875,-4.335288367546432,467.77707
15/05/2020 at 16:13:09,394.0,39.09894207178738,-4.335288367546432,467.46896
15/05/2020 at 16:13:12,397.0,39.09894207178738,-4.335288367546432,467.22293
15/05/2020 at 16:13:15,400.0,39.09894207178738,-4.335288367546432,466.9229
15/05/2020 at 16:13:17,403.0,39.09894207178738,-4.335288367546432,466.69247
15/05/2020 at 16:13:20,406.0,39.09894207178738,-4.335288367546432,466.49435
15/05/2020 at 16:13:23,408.0,39.09894207178738,-4.335288367546432,466.257
15/05/2020 at 16:13:26,411.0,39.09894207178738,-4.335288367546432,465.94226
15/05/2020 at 16:13:29,414.0,39.09894207178738,-4.335288367546432,465.823
15/05/2020 at 16:13:32,417.0,39.09894207178738,-4.335288367546432,465.70807
15/05/2020 at 16:13:34,420.0,39.09894207178738,-4.335288367546432,465.5221
15/05/2020 at 16:13:37,423.0,39.09894207178738,-4.335288367546432,465.4447
15/05/2020 at 16:13:40,425.0,39.09894207178738,-4.335288367546432,465.35632
15/05/2020 at 16:13:43,428.0,39.09894207178738,-4.335288367546432,465.1877
15/05/2020 at 16:13:46,431.0,39.09894207178738,-4.335288367546432,465.00952
15/05/2020 at 16:13:49,434.0,39.09894207178738,-4.335288367546432,464.8975
15/05/2020 at 16:13:51,437.0,39.09894207178738,-4.335288367546432,464.78024
15/05/2020 at 16:13:54,440.0,39.09894207178738,-4.335288367546432,464.62228
15/05/2020 at 16:13:57,442.0,39.09894207178738,-4.335288367546432,464.53854
15/05/2020 at 16:14:00,445.0,39.1522538275271,-4.335288367546432,464.44702
15/05/2020 at 16:14:03,448.0,39.1522538275271,-4.335288367546432,464.33643
15/05/2020 at 16:14:05,451.0,39.1522538275271,-4.335288367546432,464.2567
15/05/2020 at 16:14:08,454.0,39.1522538275271,-4.335288367546432,464.1519
15/05/2020 at 16:14:11,456.0,39.1522538275271,-4.335288367546432,464.0384
15/05/2020 at 16:14:14,459.0,39.1522538275271,-4.335288367546432,463.87756
15/05/2020 at 16:14:17,462.0,39.1522538275271,-4.335288367546432,463.78198
15/05/2020 at 16:14:20,465.0,39.1522538275271,-4.335288367546432,463.65436
15/05/2020 at 16:14:22,468.0,39.1522538275271,-4.335288367546432,463.59976
15/05/2020 at 16:14:25,471.0,39.1522538275271,-4.335288367546432,463.52844
15/05/2020 at 16:14:28,473.0,39.1522538275271,-4.335288367546432,463.45135
15/05/2020 at 16:14:31,476.0,39.1522538275271,-4.335288367546432,463.36472
15/05/2020 at 16:14:34,479.0,39.1522538275271,-4.335288367546432,463.33585
15/05/2020 at 16:14:36,482.0,39.1522538275271,-4.335288367546432,463.24948
15/05/2020 at 16:14:39,485.0,39.1522538275271,-4.335288367546432,463.19406
15/05/2020 at 16:14:42,487.0,39.1522538275271,-4.335288367546432,463.11465
15/05/2020 at 16:14:45,490.0,39.1522538275271,-4.335288367546432,463.02338
15/05/2020 at 16:14:48,493.0,39.1522538275271,-4.335288367546432,462.93936
15/05/2020 at 16:14:50,496.0,39.1522538275271,-4.335288367546432,462.86975
15/05/2020 at 16:14:53,499.0,39.1522538275271,-4.335288367546432,462.73087
15/05/2020 at 16:14:56,501.0,39.1522538275271,-4.335288367546432,462.57492
15/05/2020 at 16:14:59,504.0,39.1522538275271,-4.335288367546432,462.5045
15/05/2020 at 16:15:02,507.0,39.1522538275271,-4.335288367546432,462.45944
15/05/2020 at 16:15:05,510.0,39.1522538275271,-4.335288367546432,462.35144
15/05/2020 at 16:15:07,513.0,39.1522538275271,-4.335288367546432,462.28934
15/05/2020 at 16:15:10,515.0,39.1522538275271,-4.335288367546432,462.27722
15/05/2020 at 16:15:13,518.0,39.1522538275271,-4.335288367546432,462.19983
15/05/2020 at 16:15:16,521.0,39.1522538275271,-4.335288367546432,462.17154
15/05/2020 at 16:15:19,524.0,39.1522538275271,-4.335288367546432,462.09875
15/05/2020 at 16:15:21,527.0,39.20569482401323,-4.335288367546432,461.97314
15/05/2020 at 16:15:24,529.0,39.20569482401323,-4.335288367546432,461.8767
15/05/2020 at 16:15:27,532.0,39.20569482401323,-4.335288367546432,461.8637
15/05/2020 at 16:15:30,535.0,39.20569482401323,-4.335288367546432,461.78488
15/05/2020 at 16:15:33,538.0,39.20569482401323,-4.335288367546432,461.6714
15/05/2020 at 16:15:35,541.0,39.20569482401323,-4.335288367546432,461.6298
15/05/2020 at 16:15:38,543.0,39.20569482401323,-4.335288367546432,461.51892
15/05/2020 at 16:15:41,546.0,39.20569482401323,-4.335288367546432,461.46
15/05/2020 at 16:15:44,549.0,39.20569482401323,-4.335288367546432,461.4245
15/05/2020 at 16:15:47,552.0,39.20569482401323,-4.335288367546432,461.38956
15/05/2020 at 16:15:49,555.0,39.20569482401323,-4.335288367546432,461.3448
15/05/2020 at 16:15:52,557.0,39.20569482401323,-4.335288367546432,461.31937
15/05/2020 at 16:15:55,560.0,39.20569482401323,-4.335288367546432,461.1643
15/05/2020 at 16:15:58,563.0,39.20569482401323,-4.335288367546432,461.12042
15/05/2020 at 16:16:00,566.0,39.20569482401323,-4.335288367546432,461.0924
15/05/2020 at 16:16:03,569.0,39.20569482401323,-4.335288367546432,460.94543
15/05/2020 at 16:16:06,571.0,39.20569482401323,-4.335288367546432,460.92117
15/05/2020 at 16:16:09,574.0,39.20569482401323,-4.335288367546432,460.9004
15/05/2020 at 16:16:12,577.0,39.20569482401323,-4.335288367546432,460.88217
15/05/2020 at 16:16:15,580.0,39.20569482401323,-4.335288367546432,460.78372
15/05/2020 at 16:16:17,583.0,39.20569482401323,-4.335288367546432,460.77737
15/05/2020 at 16:16:20,585.0,39.20569482401323,-4.335288367546432,460.74503
15/05/2020 at 16:16:23,588.0,39.20569482401323,-4.335288367546432,460.72192
15/05/2020 at 16:16:26,591.0,39.20569482401323,-4.335288367546432,460.70374
15/05/2020 at 16:16:28,594.0,39.20569482401323,-4.335288367546432,460.70285
15/05/2020 at 16:16:31,597.0,39.20569482401323,-4.335288367546432,460.66156
15/05/2020 at 16:16:34,599.0,39.20569482401323,-4.335288367546432,460.62286
15/05/2020 at 16:16:37,602.0,39.20569482401323,-4.335288367546432,460.49207
15/05/2020 at 16:16:40,605.0,39.20569482401323,-4.335288367546432,460.43604
15/05/2020 at 16:16:42,608.0,39.20569482401323,-4.335288367546432,460.44586
15/05/2020 at 16:16:45,610.0,39.20569482401323,-4.335288367546432,460.4343
15/05/2020 at 16:16:48,613.0,39.20569482401323,-4.335288367546432,460.41467
15/05/2020 at 16:16:51,616.0,39.20569482401323,-4.335288367546432,460.3653
15/05/2020 at 16:16:54,619.0,39.20569482401323,-4.335288367546432,460.30667
15/05/2020 at 16:16:56,622.0,39.20569482401323,-4.335288367546432,460.29224
15/05/2020 at 16:16:59,624.0,39.20569482401323,-4.335288367546432,460.23795
15/05/2020 at 16:17:02,627.0,39.20569482401323,-4.335288367546432,460.19952
15/05/2020 at 16:17:05,630.0,39.20569482401323,-4.335288367546432,460.13455
15/05/2020 at 16:17:07,633.0,39.20569482401323,-4.335288367546432,460.1034
15/05/2020 at 16:17:10,636.0,39.20569482401323,-4.335288367546432,460.0462
15/05/2020 at 16:17:13,638.0,39.20569482401323,-4.335288367546432,460.01962
15/05/2020 at 16:17:16,641.0,39.20569482401323,-4.335288367546432,459.95322
15/05/2020 at 16:17:19,644.0,39.20569482401323,-4.335288367546432,459.905
15/05/2020 at 16:17:21,647.0,39.20569482401323,-4.335288367546432,459.8201
15/05/2020 at 16:17:24,650.0,39.20569482401323,-4.335288367546432,459.68265
15/05/2020 at 16:17:27,652.0,39.20569482401323,-4.335288367546432,459.63528
15/05/2020 at 16:17:30,655.0,39.20569482401323,-4.335288367546432,459.62863
15/05/2020 at 16:17:33,658.0,39.20569482401323,-4.335288367546432,459.63528
15/05/2020 at 16:17:35,661.0,39.20569482401323,-4.335288367546432,459.61795
15/05/2020 at 16:17:38,664.0,39.20569482401323,-4.335288367546432,459.58188
15/05/2020 at 16:17:41,666.0,39.20569482401323,-4.335288367546432,459.5839
15/05/2020 at 16:17:44,669.0,39.20569482401323,-4.335288367546432,459.54288
15/05/2020 at 16:17:47,672.0,39.20569482401323,-4.335288367546432,459.5166
15/05/2020 at 16:17:49,675.0,39.20569482401323,-4.335288367546432,459.4987
15/05/2020 at 16:17:52,677.0,39.20569482401323,-4.335288367546432,459.4724
15/05/2020 at 16:17:55,680.0,39.20569482401323,-4.335288367546432,459.4418
15/05/2020 at 16:17:58,683.0,39.20569482401323,-4.335288367546432,459.43228
15/05/2020 at 16:18:00,686.0,39.20569482401323,-4.335288367546432,459.41812
15/05/2020 at 16:18:03,689.0,39.20569482401323,-4.335288367546432,459.3858
15/05/2020 at 16:18:06,691.0,39.20569482401323,-4.335288367546432,459.38638
15/05/2020 at 16:18:09,694.0,39.20569482401323,-4.335288367546432,459.37598
15/05/2020 at 16:18:12,697.0,39.20569482401323,-4.335288367546432,459.13486
15/05/2020 at 16:18:14,700.0,39.20569482401323,-4.335288367546432,459.08517
15/05/2020 at 16:18:17,703.0,39.20569482401323,-4.335288367546432,458.94687
15/05/2020 at 16:18:20,706.0,39.20569482401323,-4.335288367546432,459.4427
15/05/2020 at 16:18:23,708.0,39.20569482401323,-4.335288367546432,459.8507
15/05/2020 at 16:18:26,711.0,39.20569482401323,-4.335288367546432,460.05255
15/05/2020 at 16:18:29,714.0,39.20569482401323,-4.335288367546432,460.14496
15/05/2020 at 16:18:32,718.0,39.20569482401323,-4.335288367546432,463.45105
15/05/2020 at 16:18:38,723.0,39.25926568939127,-4.335288367546432,476.74243
15/05/2020 at 16:18:41,726.0,39.25926568939127,-4.335288367546432,476.7534
15/05/2020 at 16:18:44,729.0,39.25926568939127,-4.335288367546432,476.5911
15/05/2020 at 16:18:47,732.0,39.25926568939127,-4.335288367546432,476.73492
15/05/2020 at 16:18:50,735.0,39.25926568939127,-4.335288367546432,476.4106
15/05/2020 at 16:18:52,738.0,39.25926568939127,-4.335288367546432,476.1747
15/05/2020 at 16:18:55,741.0,39.25926568939127,-4.335288367546432,475.82993
15/05/2020 at 16:18:58,743.0,39.25926568939127,-4.335288367546432,475.66156
15/05/2020 at 16:19:01,746.0,39.25926568939127,-4.335288367546432,475.4346
15/05/2020 at 16:19:04,749.0,39.25926568939127,-4.335288367546432,475.28384
15/05/2020 at 16:19:07,752.0,39.25926568939127,-4.335288367546432,475.13745
15/05/2020 at 16:19:09,755.0,39.25926568939127,-4.335288367546432,474.87524
15/05/2020 at 16:19:12,758.0,39.25926568939127,-4.335288367546432,474.72742
15/05/2020 at 16:19:15,760.0,39.25926568939127,-4.335288367546432,474.5507
15/05/2020 at 16:19:18,763.0,39.25926568939127,-4.335288367546432,474.57983
15/05/2020 at 16:19:21,766.0,39.25926568939127,-4.335288367546432,475.32428
15/05/2020 at 16:19:24,769.0,39.25926568939127,-4.335288367546432,475.91135
15/05/2020 at 16:19:27,772.0,39.25926568939127,-4.335288367546432,475.89056
15/05/2020 at 16:19:30,775.0,39.31296705639732,-4.335288367546432,475.85043
15/05/2020 at 16:19:32,778.0,39.31296705639732,-4.335288367546432,476.1747
15/05/2020 at 16:19:37,782.0,39.25926568939127,-4.335288367546432,486.216
15/05/2020 at 16:19:42,787.0,39.366799562402925,-4.335288367546432,495.84927
15/05/2020 at 16:19:45,790.0,39.420763849460435,-4.335288367546432,496.29626
15/05/2020 at 16:19:48,793.0,39.366799562402925,-4.335288367546432,497.0514
15/05/2020 at 16:19:51,796.0,39.31296705639732,-4.335288367546432,497.10452
15/05/2020 at 16:19:54,799.0,39.31296705639732,-4.335288367546432,496.74356
15/05/2020 at 16:19:57,802.0,39.31296705639732,-4.335288367546432,496.6503
15/05/2020 at 16:20:00,805.0,39.31296705639732,-4.335288367546432,496.51602
15/05/2020 at 16:20:02,808.0,39.31296705639732,-4.335288367546432,496.29886
15/05/2020 at 16:20:05,811.0,39.31296705639732,-4.335288367546432,496.20068
15/05/2020 at 16:20:08,813.0,39.31296705639732,-4.335288367546432,496.0488
15/05/2020 at 16:20:11,816.0,39.25926568939127,-4.335288367546432,495.84494
15/05/2020 at 16:20:14,819.0,39.25926568939127,-4.335288367546432,495.20532
15/05/2020 at 16:20:17,822.0,39.25926568939127,-4.335288367546432,494.81116
15/05/2020 at 16:20:20,825.0,39.25926568939127,-4.335288367546432,494.53162
15/05/2020 at 16:20:22,828.0,39.25926568939127,-4.335288367546432,494.3087
15/05/2020 at 16:20:25,831.0,39.25926568939127,-4.335288367546432,494.15564
15/05/2020 at 16:20:28,833.0,39.25926568939127,-4.335288367546432,494.02658
15/05/2020 at 16:20:31,836.0,39.25926568939127,-4.335288367546432,493.8386
15/05/2020 at 16:20:34,839.0,39.25926568939127,-4.335288367546432,493.7332
15/05/2020 at 16:20:37,842.0,39.25926568939127,-4.335288367546432,493.5703
15/05/2020 at 16:20:39,845.0,39.25926568939127,-4.335288367546432,493.3783
15/05/2020 at 16:20:42,848.0,39.25926568939127,-4.335288367546432,493.24228
15/05/2020 at 16:20:45,850.0,39.25926568939127,-4.335288367546432,493.14093
15/05/2020 at 16:20:48,853.0,39.25926568939127,-4.335288367546432,492.99277
15/05/2020 at 16:20:51,856.0,39.25926568939127,-4.335288367546432,492.9125
15/05/2020 at 16:20:53,859.0,39.25926568939127,-4.335288367546432,492.83136
15/05/2020 at 16:20:56,862.0,39.25926568939127,-4.335288367546432,492.691
15/05/2020 at 16:20:59,864.0,39.25926568939127,-4.335288367546432,492.53827
15/05/2020 at 16:21:02,867.0,39.25926568939127,-4.335288367546432,492.46722
15/05/2020 at 16:21:05,870.0,39.25926568939127,-4.335288367546432,492.31042
15/05/2020 at 16:21:08,873.0,39.25926568939127,-4.335288367546432,492.14236
15/05/2020 at 16:21:10,876.0,39.25926568939127,-4.335288367546432,492.04996
15/05/2020 at 16:21:13,879.0,39.25926568939127,-4.335288367546432,491.97806
15/05/2020 at 16:21:16,881.0,39.25926568939127,-4.335288367546432,491.84723
15/05/2020 at 16:21:19,884.0,39.25926568939127,-4.335288367546432,491.77707
15/05/2020 at 16:21:22,887.0,39.25926568939127,-4.335288367546432,491.70517
15/05/2020 at 16:21:24,890.0,39.25926568939127,-4.335288367546432,491.57465
15/05/2020 at 16:21:27,893.0,39.25926568939127,-4.335288367546432,491.49207
15/05/2020 at 16:21:30,895.0,39.25926568939127,-4.335288367546432,491.42477
15/05/2020 at 16:21:33,898.0,39.25926568939127,-4.335288367546432,491.3087
15/05/2020 at 16:21:36,901.0,39.25926568939127,-4.335288367546432,491.19348
15/05/2020 at 16:21:39,904.0,39.25926568939127,-4.335288367546432,491.16632
15/05/2020 at 16:21:41,907.0,39.25926568939127,-4.335288367546432,491.09268
15/05/2020 at 16:21:44,910.0,39.25926568939127,-4.335288367546432,490.9873
15/05/2020 at 16:21:47,912.0,39.25926568939127,-4.335288367546432,490.96014
15/05/2020 at 16:21:50,915.0,39.25926568939127,-4.335288367546432,490.894
15/05/2020 at 16:21:53,918.0,39.25926568939127,-4.335288367546432,490.7996
15/05/2020 at 16:21:55,921.0,39.25926568939127,-4.335288367546432,490.78198
15/05/2020 at 16:21:58,924.0,39.25926568939127,-4.335288367546432,490.7017
15/05/2020 at 16:22:01,926.0,39.20569482401323,-4.335288367546432,490.61508
15/05/2020 at 16:22:04,929.0,39.20569482401323,-4.335288367546432,490.5758
15/05/2020 at 16:22:07,932.0,39.20569482401323,-4.335288367546432,490.51257
15/05/2020 at 16:22:10,935.0,39.20569482401323,-4.335288367546432,490.44614
15/05/2020 at 16:22:12,938.0,39.20569482401323,-4.335288367546432,490.35895
15/05/2020 at 16:22:15,940.0,39.20569482401323,-4.335288367546432,490.33844
15/05/2020 at 16:22:18,943.0,39.20569482401323,-4.335288367546432,490.2547
15/05/2020 at 16:22:21,946.0,39.20569482401323,-4.335288367546432,490.2082
15/05/2020 at 16:22:24,949.0,39.20569482401323,-4.335288367546432,490.19577
15/05/2020 at 16:22:26,952.0,39.20569482401323,-4.335288367546432,490.11725
15/05/2020 at 16:22:29,955.0,39.20569482401323,-4.335288367546432,490.06207
15/05/2020 at 16:22:32,957.0,39.20569482401323,-4.335288367546432,490.03812
15/05/2020 at 16:22:35,960.0,39.20569482401323,-4.335288367546432,489.9688
15/05/2020 at 16:22:38,963.0,39.20569482401323,-4.335288367546432,489.9099
15/05/2020 at 16:22:40,966.0,39.1522538275271,-4.335288367546432,489.87354
15/05/2020 at 16:22:43,969.0,39.1522538275271,-4.335288367546432,489.20792
15/05/2020 at 16:22:46,972.0,39.1522538275271,-4.335288367546432,488.89172
15/05/2020 at 16:22:49,974.0,39.1522538275271,-4.335288367546432,488.75253
15/05/2020 at 16:22:52,977.0,39.1522538275271,-4.335288367546432,488.58765
15/05/2020 at 16:22:55,980.0,39.1522538275271,-4.335288367546432,488.3904
15/05/2020 at 16:22:58,983.0,39.1522538275271,-4.335288367546432,488.26883
15/05/2020 at 16:23:00,986.0,39.1522538275271,-4.335288367546432,488.13977
15/05/2020 at 16:23:03,989.0,39.1522538275271,-4.335288367546432,487.90674
15/05/2020 at 16:23:06,991.0,39.1522538275271,-4.335288367546432,487.67398
15/05/2020 at 16:23:09,994.0,39.1522538275271,-4.335288367546432,487.50333
15/05/2020 at 16:23:12,997.0,39.1522538275271,-4.335288367546432,487.2469
15/05/2020 at 16:23:15,1000.0,39.1522538275271,-4.335288367546432,487.00867
15/05/2020 at 16:23:17,1003.0,39.1522538275271,-4.335288367546432,486.9096
15/05/2020 at 16:23:20,1006.0,39.1522538275271,-4.335288367546432,486.7433
15/05/2020 at 16:23:23,1008.0,39.20569482401323,-4.335288367546432,486.54636
15/05/2020 at 16:23:26,1011.0,39.20569482401323,-4.335288367546432,486.65405
15/05/2020 at 16:23:29,1014.0,39.20569482401323,-4.335288367546432,486.70258
15/05/2020 at 16:23:31,1017.0,39.20569482401323,-4.335288367546432,486.71527
15/05/2020 at 16:23:34,1020.0,39.20569482401323,-4.335288367546432,486.7456
15/05/2020 at 16:23:37,1022.0,39.20569482401323,-4.335288367546432,486.7768
15/05/2020 at 16:23:40,1025.0,39.20569482401323,-4.335288367546432,486.7583
15/05/2020 at 16:23:43,1028.0,39.20569482401323,-4.335288367546432,486.75052
15/05/2020 at 16:23:45,1031.0,39.20569482401323,-4.335288367546432,486.7534
15/05/2020 at 16:23:48,1033.0,39.20569482401323,-4.335288367546432,486.71643
15/05/2020 at 16:23:51,1036.0,39.20569482401323,-4.335288367546432,486.68033
15/05/2020 at 16:23:54,1039.0,39.20569482401323,-4.335288367546432,486.63846
15/05/2020 at 16:23:57,1042.0,39.20569482401323,-4.335288367546432,486.57983
15/05/2020 at 16:23:59,1045.0,39.20569482401323,-4.335288367546432,486.5449
15/05/2020 at 16:24:02,1047.0,39.20569482401323,-4.335288367546432,486.52643
15/05/2020 at 16:24:05,1050.0,39.20569482401323,-4.335288367546432,486.4756
15/05/2020 at 16:24:08,1053.0,39.20569482401323,-4.335288367546432,486.3959
15/05/2020 at 16:24:11,1056.0,39.20569482401323,-4.335288367546432,486.39676
15/05/2020 at 16:24:13,1059.0,39.20569482401323,-4.335288367546432,486.35345
15/05/2020 at 16:24:16,1061.0,39.20569482401323,-4.335288367546432,486.25787
15/05/2020 at 16:24:19,1064.0,39.20569482401323,-4.335288367546432,486.23013
15/05/2020 at 16:24:22,1067.0,39.20569482401323,-4.335288367546432,486.1854
15/05/2020 at 16:24:25,1070.0,39.20569482401323,-4.335288367546432,486.09875
15/05/2020 at 16:24:27,1073.0,39.20569482401323,-4.335288367546432,486.07883
15/05/2020 at 16:24:30,1076.0,39.20569482401323,-4.335288367546432,486.07596
15/05/2020 at 16:24:33,1078.0,39.20569482401323,-4.335288367546432,485.99222
15/05/2020 at 16:24:36,1081.0,39.20569482401323,-4.335288367546432,485.94138
15/05/2020 at 16:24:39,1084.0,39.20569482401323,-4.335288367546432,485.8923
15/05/2020 at 16:24:41,1087.0,39.20569482401323,-4.335288367546432,485.838
15/05/2020 at 16:24:44,1090.0,39.20569482401323,-4.335288367546432,485.79266
15/05/2020 at 16:24:47,1092.0,39.20569482401323,-4.335288367546432,485.75427
15/05/2020 at 16:24:50,1095.0,39.20569482401323,-4.335288367546432,485.66357
15/05/2020 at 16:24:53,1098.0,39.1522538275271,-4.335288367546432,485.6067
15/05/2020 at 16:24:56,1101.0,39.1522538275271,-4.335288367546432,484.95062
15/05/2020 at 16:24:58,1104.0,39.1522538275271,-4.335288367546432,484.50217
15/05/2020 at 16:25:01,1107.0,39.1522538275271,-4.335288367546432,484.36096
15/05/2020 at 16:25:04,1109.0,39.1522538275271,-4.335288367546432,484.25238
15/05/2020 at 16:25:07,1112.0,39.1522538275271,-4.335288367546432,484.0924
15/05/2020 at 16:25:10,1115.0,39.1522538275271,-4.335288367546432,483.87122
15/05/2020 at 16:25:13,1118.0,39.1522538275271,-4.335288367546432,483.67224
15/05/2020 at 16:25:15,1121.0,39.20569482401323,-4.335288367546432,483.4834
15/05/2020 at 16:25:18,1124.0,39.20569482401323,-4.335288367546432,483.5582
15/05/2020 at 16:25:21,1126.0,39.20569482401323,-4.335288367546432,483.61826
15/05/2020 at 16:25:24,1129.0,39.20569482401323,-4.335288367546432,483.6754
15/05/2020 at 16:25:27,1132.0,39.20569482401323,-4.335288367546432,483.68784
15/05/2020 at 16:25:29,1135.0,39.20569482401323,-4.335288367546432,483.69708
15/05/2020 at 16:25:32,1138.0,39.20569482401323,-4.335288367546432,483.72018
15/05/2020 at 16:25:35,1140.0,39.20569482401323,-4.335288367546432,483.70807
15/05/2020 at 16:25:38,1143.0,39.20569482401323,-4.335288367546432,483.67715
15/05/2020 at 16:25:41,1146.0,39.20569482401323,-4.335288367546432,483.66504
15/05/2020 at 16:25:43,1149.0,39.20569482401323,-4.335288367546432,483.63846
15/05/2020 at 16:25:46,1151.0,39.20569482401323,-4.335288367546432,483.56656
15/05/2020 at 16:25:49,1154.0,39.20569482401323,-4.335288367546432,483.5657
15/05/2020 at 16:25:52,1157.0,39.20569482401323,-4.335288367546432,483.51834
15/05/2020 at 16:25:55,1160.0,39.20569482401323,-4.335288367546432,483.43604
15/05/2020 at 16:25:57,1163.0,39.20569482401323,-4.335288367546432,483.43372
15/05/2020 at 16:26:00,1165.0,39.20569482401323,-4.335288367546432,483.41177
15/05/2020 at 16:26:03,1168.0,39.20569482401323,-4.335288367546432,483.3347
15/05/2020 at 16:26:06,1171.0,39.20569482401323,-4.335288367546432,483.29022
15/05/2020 at 16:26:09,1174.0,39.20569482401323,-4.335288367546432,483.25555
15/05/2020 at 16:26:11,1177.0,39.20569482401323,-4.335288367546432,483.15247
15/05/2020 at 16:26:14,1179.0,39.20569482401323,-4.335288367546432,483.10916
15/05/2020 at 16:26:17,1182.0,39.20569482401323,-4.335288367546432,483.07278
15/05/2020 at 16:26:20,1185.0,39.20569482401323,-4.335288367546432,483.02194
15/05/2020 at 16:26:23,1188.0,39.20569482401323,-4.335288367546432,482.96707
15/05/2020 at 16:26:25,1191.0,39.20569482401323,-4.335288367546432,482.93646
15/05/2020 at 16:26:28,1193.0,39.20569482401323,-4.335288367546432,482.82703
15/05/2020 at 16:26:31,1196.0,39.1522538275271,-4.335288367546432,482.7693
15/05/2020 at 16:26:34,1199.0,39.1522538275271,-4.335288367546432,482.0537
15/05/2020 at 16:26:37,1202.0,39.1522538275271,-4.335288367546432,481.63297
15/05/2020 at 16:26:40,1205.0,39.1522538275271,-4.335288367546432,481.42133
15/05/2020 at 16:26:43,1208.0,39.1522538275271,-4.335288367546432,481.2336
15/05/2020 at 16:26:45,1211.0,39.1522538275271,-4.335288367546432,481.15363
15/05/2020 at 16:26:48,1214.0,39.1522538275271,-4.335288367546432,480.99768
15/05/2020 at 16:26:51,1216.0,39.20569482401323,-4.335288367546432,480.8221
15/05/2020 at 16:26:54,1219.0,39.20569482401323,-4.335288367546432,480.91278
15/05/2020 at 16:26:57,1222.0,39.20569482401323,-4.335288367546432,480.97748
15/05/2020 at 16:26:59,1225.0,39.20569482401323,-4.335288367546432,481.01385
15/05/2020 at 16:27:02,1228.0,39.20569482401323,-4.335288367546432,481.05023
15/05/2020 at 16:27:05,1230.0,39.20569482401323,-4.335288367546432,481.06757
15/05/2020 at 16:27:08,1233.0,39.20569482401323,-4.335288367546432,481.06815
15/05/2020 at 16:27:11,1236.0,39.20569482401323,-4.335288367546432,481.05457
15/05/2020 at 16:27:13,1239.0,39.20569482401323,-4.335288367546432,481.05545
15/05/2020 at 16:27:16,1241.0,39.20569482401323,-4.335288367546432,481.04736
15/05/2020 at 16:27:19,1244.0,39.20569482401323,-4.335288367546432,481.03235
15/05/2020 at 16:27:22,1247.0,39.20569482401323,-4.335288367546432,480.98642
15/05/2020 at 16:27:24,1250.0,39.20569482401323,-4.335288367546432,480.9613
15/05/2020 at 16:27:27,1253.0,39.20569482401323,-4.335288367546432,480.905
15/05/2020 at 16:27:30,1255.0,39.20569482401323,-4.335288367546432,480.85938
15/05/2020 at 16:27:33,1258.0,39.20569482401323,-4.335288367546432,480.83078
15/05/2020 at 16:27:36,1261.0,39.20569482401323,-4.335288367546432,480.799
15/05/2020 at 16:27:38,1264.0,39.20569482401323,-4.335288367546432,480.76956
15/05/2020 at 16:27:41,1267.0,39.20569482401323,-4.335288367546432,480.71442
15/05/2020 at 16:27:44,1269.0,39.20569482401323,-4.335288367546432,480.67514
15/05/2020 at 16:27:47,1272.0,39.20569482401323,-4.335288367546432,480.65955
15/05/2020 at 16:27:50,1275.0,39.20569482401323,-4.335288367546432,480.5732
15/05/2020 at 16:27:52,1278.0,39.20569482401323,-4.335288367546432,480.53162
15/05/2020 at 16:27:55,1281.0,39.20569482401323,-4.335288367546432,480.49033
15/05/2020 at 16:27:58,1283.0,39.20569482401323,-4.335288367546432,480.4265
15/05/2020 at 16:28:01,1286.0,39.20569482401323,-4.335288367546432,480.38376
15/05/2020 at 16:28:04,1289.0,39.20569482401323,-4.335288367546432,480.3182
15/05/2020 at 16:28:06,1292.0,39.20569482401323,-4.335288367546432,480.27838
15/05/2020 at 16:28:09,1295.0,39.20569482401323,-4.335288367546432,480.20215
15/05/2020 at 16:28:12,1297.0,39.20569482401323,-4.335288367546432,480.17267
15/05/2020 at 16:28:15,1300.0,39.20569482401323,-4.335288367546432,480.0563
15/05/2020 at 16:28:18,1303.0,39.20569482401323,-4.335288367546432,480.00375
15/05/2020 at 16:28:20,1306.0,39.20569482401323,-4.335288367546432,479.9668
15/05/2020 at 16:28:23,1309.0,39.20569482401323,-4.335288367546432,479.92578
15/05/2020 at 16:28:26,1311.0,39.20569482401323,-4.335288367546432,479.89114
15/05/2020 at 16:28:29,1314.0,39.20569482401323,-4.335288367546432,479.84088
15/05/2020 at 16:28:32,1317.0,39.20569482401323,-4.335288367546432,479.7765
15/05/2020 at 16:28:35,1320.0,39.20569482401323,-4.335288367546432,479.71182
15/05/2020 at 16:28:37,1323.0,39.20569482401323,-4.335288367546432,479.66098
15/05/2020 at 16:28:40,1325.0,39.20569482401323,-4.335288367546432,479.63037
15/05/2020 at 16:28:43,1328.0,39.20569482401323,-4.335288367546432,479.581
15/05/2020 at 16:28:46,1331.0,39.20569482401323,-4.335288367546432,479.5244
15/05/2020 at 16:28:49,1334.0,39.20569482401323,-4.335288367546432,479.4788
15/05/2020 at 16:28:51,1337.0,39.20569482401323,-4.335288367546432,479.45914
15/05/2020 at 16:28:54,1339.0,39.20569482401323,-4.335288367546432,479.39157
15/05/2020 at 16:28:57,1342.0,39.20569482401323,-4.335288367546432,479.33295
15/05/2020 at 16:29:00,1345.0,39.20569482401323,-4.335288367546432,479.27
15/05/2020 at 16:29:03,1348.0,39.20569482401323,-4.335288367546432,479.229
15/05/2020 at 16:29:05,1351.0,39.20569482401323,-4.335288367546432,479.18164
15/05/2020 at 16:29:08,1354.0,39.20569482401323,-4.335288367546432,479.12302
15/05/2020 at 16:29:11,1356.0,39.20569482401323,-4.335288367546432,479.1129
15/05/2020 at 16:29:14,1359.0,39.20569482401323,-4.335288367546432,479.0768
15/05/2020 at 16:29:17,1362.0,39.20569482401323,-4.335288367546432,479.0277
15/05/2020 at 16:29:19,1365.0,39.20569482401323,-4.335288367546432,478.93936
15/05/2020 at 16:29:22,1368.0,39.20569482401323,-4.335288367546432,478.90817
15/05/2020 at 16:29:25,1370.0,39.20569482401323,-4.335288367546432,478.8848
15/05/2020 at 16:29:28,1373.0,39.20569482401323,-4.335288367546432,478.85822
15/05/2020 at 16:29:31,1376.0,39.1522538275271,-4.335288367546432,478.83743
15/05/2020 at 16:29:34,1379.0,39.1522538275271,-4.335288367546432,478.12503
15/05/2020 at 16:29:37,1382.0,39.1522538275271,-4.335288367546432,477.65146
15/05/2020 at 16:29:39,1385.0,39.1522538275271,-4.335288367546432,477.4756
15/05/2020 at 16:29:42,1388.0,39.1522538275271,-4.335288367546432,477.2853
15/05/2020 at 16:29:45,1390.0,39.20569482401323,-4.335288367546432,477.14902
15/05/2020 at 16:29:48,1393.0,39.20569482401323,-4.335288367546432,477.25095
15/05/2020 at 16:29:51,1396.0,39.20569482401323,-4.335288367546432,477.32602
15/05/2020 at 16:29:53,1399.0,39.20569482401323,-4.335288367546432,477.39014
15/05/2020 at 16:29:56,1402.0,39.20569482401323,-4.335288367546432,477.41034
15/05/2020 at 16:29:59,1404.0,39.20569482401323,-4.335288367546432,477.42044
15/05/2020 at 16:30:02,1407.0,39.20569482401323,-4.335288367546432,477.42996
15/05/2020 at 16:30:05,1410.0,39.20569482401323,-4.335288367546432,477.4265
15/05/2020 at 16:30:07,1413.0,39.20569482401323,-4.335288367546432,477.45078
15/05/2020 at 16:30:10,1416.0,39.20569482401323,-4.335288367546432,477.4395
15/05/2020 at 16:30:13,1418.0,39.20569482401323,-4.335288367546432,477.43372
15/05/2020 at 16:30:16,1421.0,39.20569482401323,-4.335288367546432,477.4161
15/05/2020 at 16:30:19,1424.0,39.20569482401323,-4.335288367546432,477.37625
15/05/2020 at 16:30:21,1427.0,39.20569482401323,-4.335288367546432,477.3367
15/05/2020 at 16:30:24,1430.0,39.20569482401323,-4.335288367546432,477.298
15/05/2020 at 16:30:27,1432.0,39.20569482401323,-4.335288367546432,477.28876
15/05/2020 at 16:30:30,1435.0,39.20569482401323,-4.335288367546432,477.25586
15/05/2020 at 16:30:33,1438.0,39.20569482401323,-4.335288367546432,477.21832
15/05/2020 at 16:30:35,1441.0,39.20569482401323,-4.335288367546432,477.18018
15/05/2020 at 16:30:38,1444.0,39.20569482401323,-4.335288367546432,477.13196
15/05/2020 at 16:30:41,1446.0,39.20569482401323,-4.335288367546432,477.06555
15/05/2020 at 16:30:44,1449.0,39.20569482401323,-4.335288367546432,477.0182
15/05/2020 at 16:30:47,1452.0,39.20569482401323,-4.335288367546432,476.93445
15/05/2020 at 16:30:50,1455.0,39.20569482401323,-4.335288367546432,476.92578
15/05/2020 at 16:30:52,1458.0,39.20569482401323,-4.335288367546432,476.89633
15/05/2020 at 16:30:55,1460.0,39.20569482401323,-4.335288367546432,476.85446
15/05/2020 at 16:30:58,1463.0,39.20569482401323,-4.335288367546432,476.84146
15/05/2020 at 16:31:01,1466.0,39.20569482401323,-4.335288367546432,476.79874
15/05/2020 at 16:31:04,1469.0,39.20569482401323,-4.335288367546432,476.74905
15/05/2020 at 16:31:06,1472.0,39.20569482401323,-4.335288367546432,476.7046
15/05/2020 at 16:31:09,1475.0,39.20569482401323,-4.335288367546432,476.6613
15/05/2020 at 16:31:12,1477.0,39.20569482401323,-4.335288367546432,476.60583
15/05/2020 at 16:31:15,1480.0,39.20569482401323,-4.335288367546432,476.57004
15/05/2020 at 16:31:18,1483.0,39.20569482401323,-4.335288367546432,476.51285
15/05/2020 at 16:31:20,1486.0,39.20569482401323,-4.335288367546432,476.46866
15/05/2020 at 16:31:23,1488.0,39.20569482401323,-4.335288367546432,476.43112
15/05/2020 at 16:31:26,1491.0,39.20569482401323,-4.335288367546432,476.4106
15/05/2020 at 16:31:29,1494.0,39.20569482401323,-4.335288367546432,476.34506
15/05/2020 at 16:31:32,1497.0,39.20569482401323,-4.335288367546432,476.31766
15/05/2020 at 16:31:34,1500.0,39.20569482401323,-4.335288367546432,476.28964
15/05/2020 at 16:31:37,1503.0,39.20569482401323,-4.335288367546432,476.27634
15/05/2020 at 16:31:40,1505.0,39.20569482401323,-4.335288367546432,476.25873
15/05/2020 at 16:31:43,1508.0,39.20569482401323,-4.335288367546432,476.2108
15/05/2020 at 16:31:46,1511.0,39.20569482401323,-4.335288367546432,476.12936
15/05/2020 at 16:31:48,1514.0,39.20569482401323,-4.335288367546432,476.09125
15/05/2020 at 16:31:51,1517.0,39.20569482401323,-4.335288367546432,476.09067
15/05/2020 at 16:31:54,1519.0,39.20569482401323,-4.335288367546432,476.0442
15/05/2020 at 16:31:57,1522.0,39.20569482401323,-4.335288367546432,475.98526
15/05/2020 at 16:32:00,1525.0,39.20569482401323,-4.335288367546432,475.96912
15/05/2020 at 16:32:02,1528.0,39.20569482401323,-4.335288367546432,475.9382
15/05/2020 at 16:32:05,1531.0,39.20569482401323,-4.335288367546432,475.90558
15/05/2020 at 16:32:08,1533.0,39.20569482401323,-4.335288367546432,475.8744
15/05/2020 at 16:32:11,1536.0,39.20569482401323,-4.335288367546432,475.8351
15/05/2020 at 16:32:14,1539.0,39.1522538275271,-4.335288367546432,475.78775
15/05/2020 at 16:32:17,1542.0,39.20569482401323,-4.335288367546432,474.48224
15/05/2020 at 16:32:20,1545.0,39.20569482401323,-4.335288367546432,474.58533
15/05/2020 at 16:32:22,1548.0,39.20569482401323,-4.335288367546432,474.70892
15/05/2020 at 16:32:25,1551.0,39.20569482401323,-4.335288367546432,474.81836
15/05/2020 at 16:32:28,1553.0,39.20569482401323,-4.335288367546432,474.87408
15/05/2020 at 16:32:31,1556.0,39.20569482401323,-4.335288367546432,474.92404
15/05/2020 at 16:32:34,1559.0,39.20569482401323,-4.335288367546432,474.9356
15/05/2020 at 16:32:36,1562.0,39.20569482401323,-4.335288367546432,474.931
15/05/2020 at 16:32:39,1565.0,39.20569482401323,-4.335288367546432,474.94138
15/05/2020 at 16:32:42,1567.0,39.20569482401323,-4.335288367546432,474.95407
15/05/2020 at 16:32:45,1570.0,39.20569482401323,-4.335288367546432,474.93588
15/05/2020 at 16:32:48,1573.0,39.20569482401323,-4.335288367546432,474.92377
15/05/2020 at 16:32:50,1576.0,39.20569482401323,-4.335288367546432,474.90732
15/05/2020 at 16:32:53,1579.0,39.20569482401323,-4.335288367546432,474.88016
15/05/2020 at 16:32:56,1582.0,39.20569482401323,-4.335288367546432,474.8793
15/05/2020 at 16:32:59,1584.0,39.20569482401323,-4.335288367546432,474.85995
15/05/2020 at 16:33:02,1587.0,39.20569482401323,-4.335288367546432,474.84464
15/05/2020 at 16:33:05,1590.0,39.20569482401323,-4.335288367546432,474.83337
15/05/2020 at 16:33:07,1593.0,39.20569482401323,-4.335288367546432,474.8152
15/05/2020 at 16:33:10,1595.0,39.20569482401323,-4.335288367546432,474.77475
15/05/2020 at 16:33:13,1598.0,39.20569482401323,-4.335288367546432,474.77274
15/05/2020 at 16:33:16,1601.0,39.20569482401323,-4.335288367546432,474.75916
15/05/2020 at 16:33:19,1604.0,39.20569482401323,-4.335288367546432,474.70865
15/05/2020 at 16:33:21,1607.0,39.20569482401323,-4.335288367546432,474.70114
15/05/2020 at 16:33:24,1609.0,39.20569482401323,-4.335288367546432,474.65897
15/05/2020 at 16:33:27,1612.0,39.20569482401323,-4.335288367546432,474.64743
15/05/2020 at 16:33:30,1615.0,39.20569482401323,-4.335288367546432,474.62576
15/05/2020 at 16:33:33,1618.0,39.20569482401323,-4.335288367546432,474.5527
15/05/2020 at 16:33:35,1621.0,39.20569482401323,-4.335288367546432,474.51892
15/05/2020 at 16:33:38,1624.0,39.20569482401323,-4.335288367546432,474.49176
15/05/2020 at 16:33:41,1626.0,39.20569482401323,-4.335288367546432,474.46954
15/05/2020 at 16:33:44,1629.0,39.20569482401323,-4.335288367546432,474.44443
15/05/2020 at 16:33:47,1632.0,39.20569482401323,-4.335288367546432,474.45364
15/05/2020 at 16:33:50,1635.0,39.20569482401323,-4.335288367546432,474.42883
15/05/2020 at 16:33:52,1638.0,39.20569482401323,-4.335288367546432,474.4167
15/05/2020 at 16:33:55,1640.0,39.20569482401323,-4.335288367546432,474.3985
15/05/2020 at 16:33:58,1643.0,39.20569482401323,-4.335288367546432,474.378
15/05/2020 at 16:34:01,1646.0,39.20569482401323,-4.335288367546432,474.34882
15/05/2020 at 16:34:04,1649.0,39.20569482401323,-4.335288367546432,474.23853
15/05/2020 at 16:34:06,1652.0,39.20569482401323,-4.335288367546432,474.2466
15/05/2020 at 16:34:09,1654.0,39.20569482401323,-4.335288367546432,474.17758
15/05/2020 at 16:34:12,1657.0,39.20569482401323,-4.335288367546432,474.17758
15/05/2020 at 16:34:15,1660.0,39.20569482401323,-4.335288367546432,474.15765
15/05/2020 at 16:34:18,1663.0,39.20569482401323,-4.335288367546432,474.11896
15/05/2020 at 16:34:21,1666.0,39.20569482401323,-4.335288367546432,474.10367
15/05/2020 at 16:34:23,1668.0,39.20569482401323,-4.335288367546432,474.10452
15/05/2020 at 16:34:26,1671.0,39.20569482401323,-4.335288367546432,474.054
15/05/2020 at 16:34:29,1674.0,39.20569482401323,-4.335288367546432,474.01962
15/05/2020 at 16:34:32,1677.0,39.20569482401323,-4.335288367546432,474.03293
15/05/2020 at 16:34:34,1680.0,39.20569482401323,-4.335288367546432,474.0182
15/05/2020 at 16:34:37,1683.0,39.20569482401323,-4.335288367546432,473.97632
15/05/2020 at 16:34:40,1685.0,39.20569482401323,-4.335288367546432,473.95407
15/05/2020 at 16:34:43,1688.0,39.20569482401323,-4.335288367546432,473.89432
15/05/2020 at 16:34:46,1691.0,39.20569482401323,-4.335288367546432,473.88306
15/05/2020 at 16:34:49,1694.0,39.20569482401323,-4.335288367546432,473.85214
15/05/2020 at 16:34:51,1697.0,39.20569482401323,-4.335288367546432,473.83426
15/05/2020 at 16:34:54,1699.0,39.20569482401323,-4.335288367546432,473.80853
15/05/2020 at 16:34:57,1702.0,39.20569482401323,-4.335288367546432,473.77997
15/05/2020 at 16:35:00,1705.0,39.20569482401323,-4.335288367546432,473.76495
15/05/2020 at 16:35:02,1708.0,39.20569482401323,-4.335288367546432,473.76236
15/05/2020 at 16:35:05,1711.0,39.20569482401323,-4.335288367546432,473.7407
15/05/2020 at 16:35:08,1713.0,39.20569482401323,-4.335288367546432,473.67746
15/05/2020 at 16:35:11,1716.0,39.20569482401323,-4.335288367546432,473.676
15/05/2020 at 16:35:14,1719.0,39.20569482401323,-4.335288367546432,473.63184
15/05/2020 at 16:35:17,1722.0,39.20569482401323,-4.335288367546432,473.62488
15/05/2020 at 16:35:19,1725.0,39.20569482401323,-4.335288367546432,473.58765
15/05/2020 at 16:35:22,1727.0,39.20569482401323,-4.335288367546432,473.5423
15/05/2020 at 16:35:25,1730.0,39.20569482401323,-4.335288367546432,473.4955
15/05/2020 at 16:35:28,1733.0,39.20569482401323,-4.335288367546432,473.47705
15/05/2020 at 16:35:31,1736.0,39.20569482401323,-4.335288367546432,473.45306
15/05/2020 at 16:35:33,1739.0,39.20569482401323,-4.335288367546432,473.42188
15/05/2020 at 16:35:36,1741.0,39.20569482401323,-4.335288367546432,473.39618
15/05/2020 at 16:35:39,1744.0,39.20569482401323,-4.335288367546432,473.3644
15/05/2020 at 16:35:42,1747.0,39.20569482401323,-4.335288367546432,473.32254
15/05/2020 at 16:35:45,1750.0,39.20569482401323,-4.335288367546432,473.30148
15/05/2020 at 16:35:47,1753.0,39.20569482401323,-4.335288367546432,473.2729
15/05/2020 at 16:35:50,1756.0,39.20569482401323,-4.335288367546432,473.2752
15/05/2020 at 16:35:53,1758.0,39.20569482401323,-4.335288367546432,473.23853
15/05/2020 at 16:35:56,1761.0,39.20569482401323,-4.335288367546432,473.1854
15/05/2020 at 16:35:59,1764.0,39.20569482401323,-4.335288367546432,473.1753
15/05/2020 at 16:36:01,1767.0,39.20569482401323,-4.335288367546432,473.1522
15/05/2020 at 16:36:04,1770.0,39.20569482401323,-4.335288367546432,473.1516
15/05/2020 at 16:36:07,1772.0,39.20569482401323,-4.335288367546432,473.0976
15/05/2020 at 16:36:10,1775.0,39.20569482401323,-4.335288367546432,473.0543
15/05/2020 at 16:36:13,1778.0,39.20569482401323,-4.335288367546432,473.04044
15/05/2020 at 16:36:15,1781.0,39.20569482401323,-4.335288367546432,472.998
15/05/2020 at 16:36:18,1784.0,39.20569482401323,-4.335288367546432,472.96823
15/05/2020 at 16:36:21,1786.0,39.20569482401323,-4.335288367546432,472.93677
15/05/2020 at 16:36:24,1789.0,39.20569482401323,-4.335288367546432,472.90152
15/05/2020 at 16:36:27,1792.0,39.20569482401323,-4.335288367546432,472.87265
15/05/2020 at 16:36:30,1795.0,39.20569482401323,-4.335288367546432,472.8305
15/05/2020 at 16:36:32,1798.0,39.20569482401323,-4.335288367546432,472.7944
15/05/2020 at 16:36:35,1800.0,39.20569482401323,-4.335288367546432,472.78256
15/05/2020 at 16:36:38,1803.0,39.20569482401323,-4.335288367546432,472.7713
15/05/2020 at 16:36:41,1806.0,39.20569482401323,-4.335288367546432,472.7404
15/05/2020 at 16:36:44,1809.0,39.20569482401323,-4.335288367546432,472.7066
15/05/2020 at 16:36:46,1812.0,39.20569482401323,-4.335288367546432,472.6604
15/05/2020 at 16:36:49,1815.0,39.20569482401323,-4.335288367546432,472.6191
15/05/2020 at 16:36:52,1817.0,39.20569482401323,-4.335288367546432,472.59717
15/05/2020 at 16:36:55,1820.0,39.20569482401323,-4.335288367546432,472.5608
15/05/2020 at 16:36:58,1823.0,39.20569482401323,-4.335288367546432,472.5631
15/05/2020 at 16:37:00,1826.0,39.20569482401323,-4.335288367546432,472.5443
15/05/2020 at 16:37:03,1829.0,39.20569482401323,-4.335288367546432,472.48282
15/05/2020 at 16:37:06,1831.0,39.20569482401323,-4.335288367546432,472.35864
15/05/2020 at 16:37:09,1834.0,39.20569482401323,-4.335288367546432,472.3783
15/05/2020 at 16:37:12,1837.0,39.20569482401323,-4.335288367546432,472.35953
15/05/2020 at 16:37:14,1840.0,39.20569482401323,-4.335288367546432,472.33786
15/05/2020 at 16:37:17,1843.0,39.20569482401323,-4.335288367546432,472.30493
15/05/2020 at 16:37:20,1845.0,39.20569482401323,-4.335288367546432,472.296
15/05/2020 at 16:37:23,1848.0,39.20569482401323,-4.335288367546432,472.28098
15/05/2020 at 16:37:26,1851.0,39.20569482401323,-4.335288367546432,472.25497
15/05/2020 at 16:37:29,1854.0,39.20569482401323,-4.335288367546432,472.229
15/05/2020 at 16:37:31,1857.0,39.20569482401323,-4.335288367546432,472.22467
15/05/2020 at 16:37:34,1859.0,39.20569482401323,-4.335288367546432,472.19464
15/05/2020 at 16:37:37,1862.0,39.20569482401323,-4.335288367546432,472.1828
15/05/2020 at 16:37:40,1865.0,39.20569482401323,-4.335288367546432,472.1467
15/05/2020 at 16:37:43,1868.0,39.20569482401323,-4.335288367546432,472.095
15/05/2020 at 16:37:45,1871.0,39.20569482401323,-4.335288367546432,472.06787
15/05/2020 at 16:37:48,1874.0,39.20569482401323,-4.335288367546432,472.0179
15/05/2020 at 16:37:51,1876.0,39.1522538275271,-4.335288367546432,471.98007
15/05/2020 at 16:37:54,1879.0,39.1522538275271,-4.335288367546432,471.31793
15/05/2020 at 16:37:57,1882.0,39.1522538275271,-4.335288367546432,470.79672
15/05/2020 at 16:38:00,1885.0,39.1522538275271,-4.335288367546432,470.5267
15/05/2020 at 16:38:03,1888.0,39.20569482401323,-4.335288367546432,470.44702
15/05/2020 at 16:38:05,1891.0,39.20569482401323,-4.335288367546432,470.5969
15/05/2020 at 16:38:08,1894.0,39.20569482401323,-4.335288367546432,470.70227
15/05/2020 at 16:38:11,1896.0,39.20569482401323,-4.335288367546432,470.77042
15/05/2020 at 16:38:14,1899.0,39.20569482401323,-4.335288367546432,470.81778
15/05/2020 at 16:38:17,1902.0,39.20569482401323,-4.335288367546432,470.8617
15/05/2020 at 16:38:19,1905.0,39.20569482401323,-4.335288367546432,470.89374
15/05/2020 at 16:38:22,1908.0,39.20569482401323,-4.335288367546432,470.90616
15/05/2020 at 16:38:25,1910.0,39.20569482401323,-4.335288367546432,470.9206
15/05/2020 at 16:38:28,1913.0,39.20569482401323,-4.335288367546432,470.931
15/05/2020 at 16:38:31,1916.0,39.20569482401323,-4.335288367546432,470.92667
15/05/2020 at 16:38:33,1919.0,39.20569482401323,-4.335288367546432,470.91827
15/05/2020 at 16:38:36,1922.0,39.20569482401323,-4.335288367546432,470.89285
15/05/2020 at 16:38:39,1924.0,39.20569482401323,-4.335288367546432,470.87582
15/05/2020 at 16:38:42,1927.0,39.20569482401323,-4.335288367546432,470.85822
15/05/2020 at 16:38:45,1930.0,39.20569482401323,-4.335288367546432,470.82413
15/05/2020 at 16:38:47,1933.0,39.20569482401323,-4.335288367546432,470.81375
15/05/2020 at 16:38:50,1936.0,39.20569482401323,-4.335288367546432,470.77966
15/05/2020 at 16:38:53,1938.0,39.20569482401323,-4.335288367546432,470.76987
15/05/2020 at 16:38:56,1941.0,39.20569482401323,-4.335288367546432,470.75745
15/05/2020 at 16:38:59,1944.0,39.20569482401323,-4.335288367546432,470.7398
15/05/2020 at 16:39:01,1947.0,39.20569482401323,-4.335288367546432,470.71527
15/05/2020 at 16:39:04,1950.0,39.20569482401323,-4.335288367546432,470.68756
15/05/2020 at 16:39:07,1952.0,39.20569482401323,-4.335288367546432,470.66907
15/05/2020 at 16:39:10,1955.0,39.20569482401323,-4.335288367546432,470.62894
15/05/2020 at 16:39:13,1958.0,39.20569482401323,-4.335288367546432,470.61594
15/05/2020 at 16:39:15,1961.0,39.20569482401323,-4.335288367546432,470.59427
15/05/2020 at 16:39:18,1964.0,39.20569482401323,-4.335288367546432,470.5579
15/05/2020 at 16:39:21,1966.0,39.20569482401323,-4.335288367546432,470.5527
15/05/2020 at 16:39:24,1969.0,39.20569482401323,-4.335288367546432,470.5296
15/05/2020 at 16:39:27,1972.0,39.20569482401323,-4.335288367546432,470.46347
15/05/2020 at 16:39:29,1975.0,39.20569482401323,-4.335288367546432,470.44873
15/05/2020 at 16:39:32,1978.0,39.20569482401323,-4.335288367546432,470.4141
15/05/2020 at 16:39:35,1981.0,39.20569482401323,-4.335288367546432,470.3829
15/05/2020 at 16:39:38,1983.0,39.20569482401323,-4.335288367546432,470.36874
15/05/2020 at 16:39:41,1986.0,39.20569482401323,-4.335288367546432,470.34393
15/05/2020 at 16:39:43,1989.0,39.20569482401323,-4.335288367546432,470.3191
15/05/2020 at 16:39:46,1992.0,39.20569482401323,-4.335288367546432,470.29135
15/05/2020 at 16:39:49,1994.0,39.20569482401323,-4.335288367546432,470.27692
15/05/2020 at 16:39:52,1997.0,39.20569482401323,-4.335288367546432,470.25006
15/05/2020 at 16:39:55,2000.0,39.20569482401323,-4.335288367546432,470.22638
15/05/2020 at 16:39:57,2003.0,39.20569482401323,-4.335288367546432,470.2001
15/05/2020 at 16:40:00,2006.0,39.20569482401323,-4.335288367546432,470.17587
15/05/2020 at 16:40:03,2008.0,39.20569482401323,-4.335288367546432,470.12244
15/05/2020 at 16:40:06,2011.0,39.20569482401323,-4.335288367546432,470.06265
15/05/2020 at 16:40:09,2014.0,39.20569482401323,-4.335288367546432,469.9896
15/05/2020 at 16:40:12,2017.0,39.20569482401323,-4.335288367546432,469.9584
15/05/2020 at 16:40:14,2020.0,39.20569482401323,-4.335288367546432,469.94138
15/05/2020 at 16:40:17,2022.0,39.20569482401323,-4.335288367546432,469.89865
15/05/2020 at 16:40:20,2025.0,39.20569482401323,-4.335288367546432,469.87207
15/05/2020 at 16:40:23,2028.0,39.20569482401323,-4.335288367546432,469.79352
15/05/2020 at 16:40:26,2031.0,39.20569482401323,-4.335288367546432,469.69766
15/05/2020 at 16:40:28,2034.0,39.20569482401323,-4.335288367546432,469.70227
15/05/2020 at 16:40:31,2036.0,39.20569482401323,-4.335288367546432,469.65204
15/05/2020 at 16:40:34,2039.0,39.20569482401323,-4.335288367546432,469.6298
15/05/2020 at 16:40:37,2042.0,39.20569482401323,-4.335288367546432,469.63068
15/05/2020 at 16:40:40,2045.0,39.20569482401323,-4.335288367546432,469.62778
15/05/2020 at 16:40:42,2048.0,39.20569482401323,-4.335288367546432,469.6292
15/05/2020 at 16:40:45,2051.0,39.20569482401323,-4.335288367546432,469.61102
15/05/2020 at 16:40:48,2053.0,39.20569482401323,-4.335288367546432,469.44702
15/05/2020 at 16:40:51,2056.0,39.20569482401323,-4.335288367546432,469.30927
15/05/2020 at 16:40:54,2059.0,39.20569482401323,-4.335288367546432,469.2463
15/05/2020 at 16:40:56,2062.0,39.20569482401323,-4.335288367546432,469.2879
15/05/2020 at 16:40:59,2064.0,39.20569482401323,-4.335288367546432,469.283
15/05/2020 at 16:41:02,2067.0,39.20569482401323,-4.335288367546432,469.26508
15/05/2020 at 16:41:05,2070.0,39.20569482401323,-4.335288367546432,469.2547
15/05/2020 at 16:41:08,2073.0,39.20569482401323,-4.335288367546432,469.19666
15/05/2020 at 16:41:10,2076.0,39.20569482401323,-4.335288367546432,469.21457
15/05/2020 at 16:41:13,2078.0,39.20569482401323,-4.335288367546432,469.1669
15/05/2020 at 16:41:16,2081.0,39.20569482401323,-4.335288367546432,469.1363
15/05/2020 at 16:41:19,2084.0,39.20569482401323,-4.335288367546432,469.11493
15/05/2020 at 16:41:21,2087.0,39.20569482401323,-4.335288367546432,469.1129
15/05/2020 at 16:41:24,2090.0,39.20569482401323,-4.335288367546432,469.04303
15/05/2020 at 16:41:27,2092.0,39.20569482401323,-4.335288367546432,468.93588
15/05/2020 at 16:41:30,2095.0,39.20569482401323,-4.335288367546432,468.96506
15/05/2020 at 16:41:33,2098.0,39.20569482401323,-4.335288367546432,468.93387
15/05/2020 at 16:41:35,2101.0,39.20569482401323,-4.335288367546432,468.88248
15/05/2020 at 16:41:38,2104.0,39.20569482401323,-4.335288367546432,468.8848
15/05/2020 at 16:41:41,2106.0,39.20569482401323,-4.335288367546432,468.7941
15/05/2020 at 16:41:44,2109.0,39.20569482401323,-4.335288367546432,468.76062
15/05/2020 at 16:41:47,2112.0,39.20569482401323,-4.335288367546432,468.75165
15/05/2020 at 16:41:49,2115.0,39.20569482401323,-4.335288367546432,468.72394
15/05/2020 at 16:41:52,2118.0,39.20569482401323,-4.335288367546432,468.62344
15/05/2020 at 16:41:55,2120.0,39.20569482401323,-4.335288367546432,468.60815
15/05/2020 at 16:41:58,2123.0,39.20569482401323,-4.335288367546432,468.59543
15/05/2020 at 16:42:01,2126.0,39.20569482401323,-4.335288367546432,468.57175
15/05/2020 at 16:42:03,2129.0,39.20569482401323,-4.335288367546432,468.5478
15/05/2020 at 16:42:06,2132.0,39.20569482401323,-4.335288367546432,468.53738
15/05/2020 at 16:42:09,2134.0,39.20569482401323,-4.335288367546432,468.52267
15/05/2020 at 16:42:12,2137.0,39.20569482401323,-4.335288367546432,468.45306
15/05/2020 at 16:42:15,2140.0,39.20569482401323,-4.335288367546432,468.44443
15/05/2020 at 16:42:17,2143.0,39.20569482401323,-4.335288367546432,468.43634
15/05/2020 at 16:42:20,2146.0,39.20569482401323,-4.335288367546432,468.3517
15/05/2020 at 16:42:23,2148.0,39.20569482401323,-4.335288367546432,468.34076
15/05/2020 at 16:42:26,2151.0,39.20569482401323,-4.335288367546432,468.31592
15/05/2020 at 16:42:29,2154.0,39.20569482401323,-4.335288367546432,468.25037
15/05/2020 at 16:42:31,2157.0,39.20569482401323,-4.335288367546432,468.2567
15/05/2020 at 16:42:34,2160.0,39.20569482401323,-4.335288367546432,468.21945
15/05/2020 at 16:42:37,2162.0,39.20569482401323,-4.335288367546432,468.106
15/05/2020 at 16:42:40,2165.0,39.20569482401323,-4.335288367546432,468.1077
15/05/2020 at 16:42:43,2168.0,39.20569482401323,-4.335288367546432,468.08835
15/05/2020 at 16:42:45,2171.0,39.20569482401323,-4.335288367546432,468.03235
15/05/2020 at 16:42:48,2173.0,39.20569482401323,-4.335288367546432,468.01877
15/05/2020 at 16:42:51,2176.0,39.20569482401323,-4.335288367546432,468.03262
15/05/2020 at 16:42:54,2179.0,39.20569482401323,-4.335288367546432,467.99164
15/05/2020 at 16:42:57,2182.0,39.1522538275271,-4.335288367546432,467.97833
15/05/2020 at 16:43:00,2185.0,39.20569482401323,-4.335288367546432,467.0075
15/05/2020 at 16:43:02,2188.0,39.20569482401323,-4.335288367546432,466.99164
15/05/2020 at 16:43:05,2191.0,39.20569482401323,-4.335288367546432,467.1028
15/05/2020 at 16:43:08,2193.0,39.20569482401323,-4.335288367546432,467.13196
15/05/2020 at 16:43:11,2196.0,39.20569482401323,-4.335288367546432,467.19897
15/05/2020 at 16:43:14,2199.0,39.20569482401323,-4.335288367546432,467.23447
15/05/2020 at 16:43:16,2202.0,39.20569482401323,-4.335288367546432,467.28473
15/05/2020 at 16:43:19,2205.0,39.20569482401323,-4.335288367546432,467.28616
15/05/2020 at 16:43:22,2207.0,39.20569482401323,-4.335288367546432,467.28616
15/05/2020 at 16:43:25,2210.0,39.20569482401323,-4.335288367546432,467.3136
15/05/2020 at 16:43:28,2213.0,39.20569482401323,-4.335288367546432,467.3081
15/05/2020 at 16:43:30,2216.0,39.20569482401323,-4.335288367546432,467.24518
15/05/2020 at 16:43:33,2218.0,39.20569482401323,-4.335288367546432,467.2668
15/05/2020 at 16:43:36,2221.0,39.20569482401323,-4.335288367546432,467.25757
15/05/2020 at 16:43:39,2224.0,39.20569482401323,-4.335288367546432,467.21167
15/05/2020 at 16:43:42,2227.0,39.20569482401323,-4.335288367546432,467.22726
15/05/2020 at 16:43:44,2230.0,39.20569482401323,-4.335288367546432,467.21368
15/05/2020 at 16:43:47,2232.0,39.20569482401323,-4.335288367546432,467.14612
15/05/2020 at 16:43:50,2235.0,39.20569482401323,-4.335288367546432,467.15015
15/05/2020 at 16:43:53,2238.0,39.20569482401323,-4.335288367546432,467.1649
15/05/2020 at 16:43:55,2241.0,39.20569482401323,-4.335288367546432,467.12216
15/05/2020 at 16:43:58,2244.0,39.20569482401323,-4.335288367546432,467.106
15/05/2020 at 16:44:01,2246.0,39.20569482401323,-4.335288367546432,467.12128
15/05/2020 at 16:44:04,2249.0,39.20569482401323,-4.335288367546432,467.06525
15/05/2020 at 16:44:07,2252.0,39.20569482401323,-4.335288367546432,467.04013
15/05/2020 at 16:44:09,2255.0,39.20569482401323,-4.335288367546432,467.0179
15/05/2020 at 16:44:12,2258.0,39.20569482401323,-4.335288367546432,466.998
15/05/2020 at 16:44:15,2260.0,39.20569482401323,-4.335288367546432,466.89633
15/05/2020 at 16:44:18,2263.0,39.20569482401323,-4.335288367546432,466.89548
15/05/2020 at 16:44:21,2266.0,39.20569482401323,-4.335288367546432,466.8487
15/05/2020 at 16:44:23,2269.0,39.20569482401323,-4.335288367546432,466.80133
15/05/2020 at 16:44:26,2272.0,39.20569482401323,-4.335288367546432,466.81
15/05/2020 at 16:44:29,2274.0,39.20569482401323,-4.335288367546432,466.7713
15/05/2020 at 16:44:32,2277.0,39.20569482401323,-4.335288367546432,466.72076
15/05/2020 at 16:44:35,2280.0,39.20569482401323,-4.335288367546432,466.71902
15/05/2020 at 16:44:37,2283.0,39.20569482401323,-4.335288367546432,466.68698
15/05/2020 at 16:44:40,2286.0,39.20569482401323,-4.335288367546432,466.61768
15/05/2020 at 16:44:43,2288.0,39.20569482401323,-4.335288367546432,466.62546
15/05/2020 at 16:44:46,2291.0,39.20569482401323,-4.335288367546432,466.5016
15/05/2020 at 16:44:49,2294.0,39.20569482401323,-4.335288367546432,466.44528
15/05/2020 at 16:44:51,2297.0,39.20569482401323,-4.335288367546432,466.44412
15/05/2020 at 16:44:54,2300.0,39.20569482401323,-4.335288367546432,466.4346
15/05/2020 at 16:44:57,2302.0,39.20569482401323,-4.335288367546432,466.38867
15/05/2020 at 16:45:00,2305.0,39.20569482401323,-4.335288367546432,466.37366
15/05/2020 at 16:45:03,2308.0,39.20569482401323,-4.335288367546432,466.36414
15/05/2020 at 16:45:05,2311.0,39.20569482401323,-4.335288367546432,466.3624
15/05/2020 at 16:45:08,2313.0,39.20569482401323,-4.335288367546432,466.3341
15/05/2020 at 16:45:11,2316.0,39.20569482401323,-4.335288367546432,466.30264
15/05/2020 at 16:45:14,2319.0,39.20569482401323,-4.335288367546432,466.2004
15/05/2020 at 16:45:17,2322.0,39.20569482401323,-4.335288367546432,466.1978
15/05/2020 at 16:45:19,2325.0,39.20569482401323,-4.335288367546432,466.2215
15/05/2020 at 16:45:22,2327.0,39.20569482401323,-4.335288367546432,466.1594
15/05/2020 at 16:45:25,2330.0,39.20569482401323,-4.335288367546432,466.1366
15/05/2020 at 16:45:28,2333.0,39.20569482401323,-4.335288367546432,466.14352
15/05/2020 at 16:45:31,2336.0,39.20569482401323,-4.335288367546432,466.09674
15/05/2020 at 16:45:33,2339.0,39.20569482401323,-4.335288367546432,466.0566
15/05/2020 at 16:45:36,2341.0,39.20569482401323,-4.335288367546432,466.06525
15/05/2020 at 16:45:39,2344.0,39.20569482401323,-4.335288367546432,465.9642
15/05/2020 at 16:45:42,2347.0,39.20569482401323,-4.335288367546432,465.96274
15/05/2020 at 16:45:44,2350.0,39.20569482401323,-4.335288367546432,465.96014
15/05/2020 at 16:45:47,2353.0,39.20569482401323,-4.335288367546432,465.8871
15/05/2020 at 16:45:50,2355.0,39.20569482401323,-4.335288367546432,465.8559
15/05/2020 at 16:45:53,2358.0,39.20569482401323,-4.335288367546432,465.84406
15/05/2020 at 16:45:56,2361.0,39.20569482401323,-4.335288367546432,465.85504
15/05/2020 at 16:45:58,2364.0,39.20569482401323,-4.335288367546432,465.83743
15/05/2020 at 16:46:01,2367.0,39.20569482401323,-4.335288367546432,465.79785
15/05/2020 at 16:46:04,2369.0,39.20569482401323,-4.335288367546432,465.79672
15/05/2020 at 16:46:07,2372.0,39.20569482401323,-4.335288367546432,465.75513
15/05/2020 at 16:46:10,2375.0,39.20569482401323,-4.335288367546432,465.7248
15/05/2020 at 16:46:12,2378.0,39.20569482401323,-4.335288367546432,465.6965
15/05/2020 at 16:46:15,2381.0,39.20569482401323,-4.335288367546432,465.6708
15/05/2020 at 16:46:18,2383.0,39.1522538275271,-4.335288367546432,465.60583
15/05/2020 at 16:46:21,2386.0,39.20569482401323,-4.335288367546432,464.51227
15/05/2020 at 16:46:24,2389.0,39.20569482401323,-4.335288367546432,464.42133
15/05/2020 at 16:46:27,2392.0,39.20569482401323,-4.335288367546432,464.57263
15/05/2020 at 16:46:30,2395.0,39.20569482401323,-4.335288367546432,464.67282
15/05/2020 at 16:46:32,2398.0,39.20569482401323,-4.335288367546432,464.7554
15/05/2020 at 16:46:35,2400.0,39.20569482401323,-4.335288367546432,464.81143
15/05/2020 at 16:46:38,2403.0,39.20569482401323,-4.335288367546432,464.8513
15/05/2020 at 16:46:41,2406.0,39.20569482401323,-4.335288367546432,464.87582
15/05/2020 at 16:46:44,2409.0,39.20569482401323,-4.335288367546432,464.87613
15/05/2020 at 16:46:46,2412.0,39.20569482401323,-4.335288367546432,464.88074
15/05/2020 at 16:46:49,2414.0,39.20569482401323,-4.335288367546432,464.8868
15/05/2020 at 16:46:52,2417.0,39.20569482401323,-4.335288367546432,464.89056
15/05/2020 at 16:46:55,2420.0,39.20569482401323,-4.335288367546432,464.85562
15/05/2020 at 16:46:57,2423.0,39.20569482401323,-4.335288367546432,464.87033
15/05/2020 at 16:47:00,2426.0,39.20569482401323,-4.335288367546432,464.82184
15/05/2020 at 16:47:03,2428.0,39.20569482401323,-4.335288367546432,464.80423
15/05/2020 at 16:47:06,2431.0,39.20569482401323,-4.335288367546432,464.8091
15/05/2020 at 16:47:09,2434.0,39.20569482401323,-4.335288367546432,464.8256
15/05/2020 at 16:47:11,2437.0,39.20569482401323,-4.335288367546432,464.77042
15/05/2020 at 16:47:14,2440.0,39.20569482401323,-4.335288367546432,464.76956
15/05/2020 at 16:47:17,2442.0,39.20569482401323,-4.335288367546432,464.76147
15/05/2020 at 16:47:20,2445.0,39.20569482401323,-4.335288367546432,464.71326
15/05/2020 at 16:47:23,2448.0,39.20569482401323,-4.335288367546432,464.69418
15/05/2020 at 16:47:25,2451.0,39.20569482401323,-4.335288367546432,464.67398
15/05/2020 at 16:47:28,2454.0,39.20569482401323,-4.335288367546432,464.63962
15/05/2020 at 16:47:31,2456.0,39.20569482401323,-4.335288367546432,464.60007
15/05/2020 at 16:47:34,2459.0,39.20569482401323,-4.335288367546432,464.58734
15/05/2020 at 16:47:37,2462.0,39.20569482401323,-4.335288367546432,464.54404
15/05/2020 at 16:47:39,2465.0,39.20569482401323,-4.335288367546432,464.50275
15/05/2020 at 16:47:42,2468.0,39.20569482401323,-4.335288367546432,464.51718
15/05/2020 at 16:47:45,2470.0,39.20569482401323,-4.335288367546432,464.46262
15/05/2020 at 16:47:48,2473.0,39.20569482401323,-4.335288367546432,464.43863
15/05/2020 at 16:47:51,2476.0,39.20569482401323,-4.335288367546432,464.4574
15/05/2020 at 16:47:53,2479.0,39.20569482401323,-4.335288367546432,464.42334
15/05/2020 at 16:47:56,2481.0,39.20569482401323,-4.335288367546432,464.3754
15/05/2020 at 16:47:59,2484.0,39.20569482401323,-4.335288367546432,464.38666
15/05/2020 at 16:48:02,2487.0,39.20569482401323,-4.335288367546432,464.3543
15/05/2020 at 16:48:05,2490.0,39.20569482401323,-4.335288367546432,464.29684
15/05/2020 at 16:48:07,2493.0,39.20569482401323,-4.335288367546432,464.2648
15/05/2020 at 16:48:10,2496.0,39.20569482401323,-4.335288367546432,464.27258
15/05/2020 at 16:48:13,2498.0,39.20569482401323,-4.335288367546432,464.2339
15/05/2020 at 16:48:16,2501.0,39.20569482401323,-4.335288367546432,464.22668
15/05/2020 at 16:48:19,2504.0,39.20569482401323,-4.335288367546432,464.22525
15/05/2020 at 16:48:21,2507.0,39.20569482401323,-4.335288367546432,464.13428
15/05/2020 at 16:48:24,2509.0,39.20569482401323,-4.335288367546432,464.12418
15/05/2020 at 16:48:27,2512.0,39.20569482401323,-4.335288367546432,464.121
15/05/2020 at 16:48:30,2515.0,39.20569482401323,-4.335288367546432,464.07104
15/05/2020 at 16:48:33,2518.0,39.20569482401323,-4.335288367546432,464.05197
15/05/2020 at 16:48:35,2521.0,39.20569482401323,-4.335288367546432,464.0592
15/05/2020 at 16:48:38,2523.0,39.20569482401323,-4.335288367546432,464.00635
15/05/2020 at 16:48:41,2526.0,39.20569482401323,-4.335288367546432,463.998
15/05/2020 at 16:48:44,2529.0,39.20569482401323,-4.335288367546432,463.99973
15/05/2020 at 16:48:46,2532.0,39.20569482401323,-4.335288367546432,463.92667
15/05/2020 at 16:48:49,2535.0,39.20569482401323,-4.335288367546432,463.87582
15/05/2020 at 16:48:52,2537.0,39.20569482401323,-4.335288367546432,463.8764
15/05/2020 at 16:48:55,2540.0,39.20569482401323,-4.335288367546432,463.84668
15/05/2020 at 16:48:58,2543.0,39.20569482401323,-4.335288367546432,463.78864
15/05/2020 at 16:49:00,2546.0,39.20569482401323,-4.335288367546432,463.7762
15/05/2020 at 16:49:03,2549.0,39.20569482401323,-4.335288367546432,463.7427
15/05/2020 at 16:49:06,2551.0,39.20569482401323,-4.335288367546432,463.69043
15/05/2020 at 16:49:09,2554.0,39.20569482401323,-4.335288367546432,463.70316
15/05/2020 at 16:49:12,2557.0,39.20569482401323,-4.335288367546432,463.68063
15/05/2020 at 16:49:14,2560.0,39.20569482401323,-4.335288367546432,463.63586
15/05/2020 at 16:49:17,2563.0,39.20569482401323,-4.335288367546432,463.62546
15/05/2020 at 16:49:20,2565.0,39.20569482401323,-4.335288367546432,463.5963
15/05/2020 at 16:49:23,2568.0,39.20569482401323,-4.335288367546432,463.54547
15/05/2020 at 16:49:26,2571.0,39.20569482401323,-4.335288367546432,463.56223
15/05/2020 at 16:49:28,2574.0,39.20569482401323,-4.335288367546432,463.51892
15/05/2020 at 16:49:31,2577.0,39.20569482401323,-4.335288367546432,463.49234
15/05/2020 at 16:49:34,2579.0,39.20569482401323,-4.335288367546432,463.48022
15/05/2020 at 16:49:37,2582.0,39.20569482401323,-4.335288367546432,463.39648
15/05/2020 at 16:49:40,2585.0,39.20569482401323,-4.335288367546432,463.3468
15/05/2020 at 16:49:42,2588.0,39.20569482401323,-4.335288367546432,463.34277
15/05/2020 at 16:49:45,2591.0,39.20569482401323,-4.335288367546432,463.34335
15/05/2020 at 16:49:48,2593.0,39.20569482401323,-4.335288367546432,463.36588
15/05/2020 at 16:49:51,2596.0,39.20569482401323,-4.335288367546432,463.3032
15/05/2020 at 16:49:54,2599.0,39.20569482401323,-4.335288367546432,463.2469
15/05/2020 at 16:49:56,2602.0,39.20569482401323,-4.335288367546432,463.2362
15/05/2020 at 16:49:59,2605.0,39.20569482401323,-4.335288367546432,463.2313
15/05/2020 at 16:50:02,2607.0,39.20569482401323,-4.335288367546432,463.18567
15/05/2020 at 16:50:05,2610.0,39.20569482401323,-4.335288367546432,463.17123
15/05/2020 at 16:50:08,2613.0,39.20569482401323,-4.335288367546432,463.10944
15/05/2020 at 16:50:10,2616.0,39.20569482401323,-4.335288367546432,463.05487
15/05/2020 at 16:50:13,2618.0,39.20569482401323,-4.335288367546432,463.054
15/05/2020 at 16:50:16,2621.0,39.20569482401323,-4.335288367546432,463.06555
15/05/2020 at 16:50:19,2624.0,39.20569482401323,-4.335288367546432,463.013
15/05/2020 at 16:50:22,2627.0,39.20569482401323,-4.335288367546432,462.97458
15/05/2020 at 16:50:24,2630.0,39.20569482401323,-4.335288367546432,462.987
15/05/2020 at 16:50:27,2632.0,39.20569482401323,-4.335288367546432,462.96014
15/05/2020 at 16:50:30,2635.0,39.20569482401323,-4.335288367546432,462.93417
15/05/2020 at 16:50:33,2638.0,39.20569482401323,-4.335288367546432,462.93475
15/05/2020 at 16:50:36,2641.0,39.20569482401323,-4.335288367546432,462.8744
15/05/2020 at 16:50:38,2644.0,39.20569482401323,-4.335288367546432,462.81924
15/05/2020 at 16:50:41,2646.0,39.20569482401323,-4.335288367546432,462.83368
15/05/2020 at 16:50:44,2649.0,39.20569482401323,-4.335288367546432,462.80624
15/05/2020 at 16:50:47,2652.0,39.20569482401323,-4.335288367546432,462.78717
15/05/2020 at 16:50:49,2655.0,39.20569482401323,-4.335288367546432,462.74677
15/05/2020 at 16:50:52,2658.0,39.20569482401323,-4.335288367546432,462.69016
15/05/2020 at 16:50:55,2660.0,39.20569482401323,-4.335288367546432,462.69247
15/05/2020 at 16:50:58,2663.0,39.20569482401323,-4.335288367546432,462.6558
15/05/2020 at 16:51:01,2666.0,39.20569482401323,-4.335288367546432,462.65204
15/05/2020 at 16:51:03,2669.0,39.20569482401323,-4.335288367546432,462.63385
15/05/2020 at 16:51:06,2672.0,39.20569482401323,-4.335288367546432,462.58563
15/05/2020 at 16:51:09,2674.0,39.20569482401323,-4.335288367546432,462.55673
15/05/2020 at 16:51:12,2677.0,39.20569482401323,-4.335288367546432,462.5377
15/05/2020 at 16:51:15,2680.0,39.20569482401323,-4.335288367546432,462.5192
15/05/2020 at 16:51:17,2683.0,39.20569482401323,-4.335288367546432,462.49265
15/05/2020 at 16:51:20,2686.0,39.20569482401323,-4.335288367546432,462.46866
15/05/2020 at 16:51:23,2688.0,39.20569482401323,-4.335288367546432,462.44037
15/05/2020 at 16:51:26,2691.0,39.20569482401323,-4.335288367546432,462.40717
15/05/2020 at 16:51:29,2694.0,39.20569482401323,-4.335288367546432,462.3699
15/05/2020 at 16:51:31,2697.0,39.20569482401323,-4.335288367546432,462.35922
15/05/2020 at 16:51:34,2700.0,39.20569482401323,-4.335288367546432,462.30032
15/05/2020 at 16:51:37,2702.0,39.20569482401323,-4.335288367546432,462.2801
15/05/2020 at 16:51:40,2705.0,39.20569482401323,-4.335288367546432,462.25037
15/05/2020 at 16:51:43,2708.0,39.20569482401323,-4.335288367546432,462.2397
15/05/2020 at 16:51:45,2711.0,39.20569482401323,-4.335288367546432,462.2001
15/05/2020 at 16:51:48,2714.0,39.20569482401323,-4.335288367546432,462.21658
15/05/2020 at 16:51:51,2716.0,39.20569482401323,-4.335288367546432,462.19608
15/05/2020 at 16:51:54,2719.0,39.20569482401323,-4.335288367546432,462.18915
15/05/2020 at 16:51:57,2722.0,39.20569482401323,-4.335288367546432,462.11145
15/05/2020 at 16:51:59,2725.0,39.20569482401323,-4.335288367546432,462.06036
15/05/2020 at 16:52:02,2728.0,39.20569482401323,-4.335288367546432,462.03696
15/05/2020 at 16:52:05,2730.0,39.20569482401323,-4.335288367546432,462.02454
15/05/2020 at 16:52:08,2733.0,39.20569482401323,-4.335288367546432,462.00693
15/05/2020 at 16:52:11,2736.0,39.20569482401323,-4.335288367546432,461.94946
15/05/2020 at 16:52:13,2739.0,39.20569482401323,-4.335288367546432,461.94455
15/05/2020 at 16:52:16,2742.0,39.20569482401323,-4.335288367546432,461.9105
15/05/2020 at 16:52:19,2744.0,39.20569482401323,-4.335288367546432,461.8689
15/05/2020 at 16:52:22,2747.0,39.20569482401323,-4.335288367546432,461.8588
15/05/2020 at 16:52:25,2750.0,39.20569482401323,-4.335288367546432,461.77505
15/05/2020 at 16:52:27,2753.0,39.20569482401323,-4.335288367546432,461.79642
15/05/2020 at 16:52:30,2756.0,39.20569482401323,-4.335288367546432,461.80536
15/05/2020 at 16:52:33,2758.0,39.20569482401323,-4.335288367546432,461.79785
15/05/2020 at 16:52:36,2761.0,39.20569482401323,-4.335288367546432,461.74704
15/05/2020 at 16:52:39,2764.0,39.20569482401323,-4.335288367546432,461.75052
15/05/2020 at 16:52:42,2767.0,39.20569482401323,-4.335288367546432,461.73288
15/05/2020 at 16:52:44,2770.0,39.20569482401323,-4.335288367546432,461.73605
15/05/2020 at 16:52:47,2772.0,39.20569482401323,-4.335288367546432,461.72104
15/05/2020 at 16:52:50,2775.0,39.20569482401323,-4.335288367546432,461.61392
15/05/2020 at 16:52:53,2778.0,39.20569482401323,-4.335288367546432,461.57465
15/05/2020 at 16:52:55,2781.0,39.20569482401323,-4.335288367546432,461.5709
15/05/2020 at 16:52:58,2784.0,39.20569482401323,-4.335288367546432,461.5348
15/05/2020 at 16:53:01,2786.0,39.20569482401323,-4.335288367546432,461.50967
15/05/2020 at 16:53:04,2789.0,39.20569482401323,-4.335288367546432,461.46463
15/05/2020 at 16:53:07,2792.0,39.20569482401323,-4.335288367546432,461.29715
15/05/2020 at 16:53:09,2795.0,39.20569482401323,-4.335288367546432,461.16574
15/05/2020 at 16:53:12,2798.0,39.20569482401323,-4.335288367546432,461.19202
15/05/2020 at 16:53:15,2800.0,39.20569482401323,-4.335288367546432,461.19983
15/05/2020 at 16:53:18,2803.0,39.20569482401323,-4.335288367546432,461.2056
15/05/2020 at 16:53:21,2806.0,39.20569482401323,-4.335288367546432,461.20126
15/05/2020 at 16:53:24,2809.0,39.20569482401323,-4.335288367546432,461.13687
15/05/2020 at 16:53:26,2812.0,39.20569482401323,-4.335288367546432,461.15015
15/05/2020 at 16:53:29,2814.0,39.20569482401323,-4.335288367546432,461.14786
15/05/2020 at 16:53:32,2817.0,39.20569482401323,-4.335288367546432,461.11667
15/05/2020 at 16:53:35,2820.0,39.20569482401323,-4.335288367546432,461.12445
15/05/2020 at 16:53:37,2823.0,39.20569482401323,-4.335288367546432,461.1129
15/05/2020 at 16:53:40,2826.0,39.20569482401323,-4.335288367546432,461.07162
15/05/2020 at 16:53:43,2828.0,39.20569482401323,-4.335288367546432,461.01532
15/05/2020 at 16:53:46,2831.0,39.20569482401323,-4.335288367546432,461.00027
15/05/2020 at 16:53:49,2834.0,39.20569482401323,-4.335288367546432,460.94168
15/05/2020 at 16:53:51,2837.0,39.20569482401323,-4.335288367546432,460.9434
15/05/2020 at 16:53:54,2840.0,39.20569482401323,-4.335288367546432,460.93878
15/05/2020 at 16:53:57,2842.0,39.20569482401323,-4.335288367546432,460.90817
15/05/2020 at 16:54:00,2845.0,39.20569482401323,-4.335288367546432,460.90326