time top,average bs data top,pos/neg top,time bot,average bs data bot,pos/neg bot
0.0,0.0,negative,0.0,0.0,positive
3.0,0.1249999999999982,,3.0,0.15161546610169596,
6.0,0.2909815005138736,,6.0,0.3471927966101703,
8.0,0.18358170606371735,,9.0,0.4327330508474554,
11.0,0.21492805755395472,,11.0,0.5814353813559324,
14.0,0.24832990750256867,,14.0,0.63810911016949,
17.0,0.16893627954778848,,17.0,0.7146451271186439,
20.0,-0.044578622816035925,,19.0,0.669094279661017,
22.0,-0.04021068859198461,,22.0,0.7145127118644035,
25.0,-0.05858170606372209,,25.0,0.691737288135594,
29.0,-0.18165467625899367,,28.0,0.6929290254237279,
32.0,-0.2156988694758459,,30.0,0.7294756355932156,
34.0,-0.18807810894141974,,33.0,0.8633474576271164,
37.0,-0.1324511819116155,,36.0,0.8814883474576237,
40.0,-0.09365364850976612,,39.0,0.8853283898305075,
43.0,-0.14863823227132697,,41.0,0.8302436440677988,
45.0,-0.0030832476875660452,,44.0,0.8188559322033884,
48.0,0.028006166495374837,,47.0,0.7743644067796587,
51.0,-0.07669578622816225,,49.0,0.7735699152542355,
54.0,-0.11536485097636294,,52.0,0.7280190677966089,
56.0,-0.11408016443987866,,55.0,0.6728019067796578,
59.0,-0.14850976361767823,,58.0,0.613479872881355,
62.0,-0.17818602261048455,,60.0,0.49152542372881164,
65.0,-0.23124357656731653,,63.0,0.48384533898304855,
67.0,-0.2834018499486129,,66.0,0.43524894067796344,
70.0,-0.2966341212744101,,68.0,0.33673199152542227,
73.0,-0.3435251798561165,,71.0,0.3211069915254206,
75.0,-0.38990236382322563,,74.0,0.2370233050847443,
78.0,-0.462358684480987,,77.0,0.16671080508474334,
81.0,-0.5346865364851001,,79.0,0.11414194915254111,
84.0,-0.7263617677286748,,82.0,0.059189618644067014,
86.0,-0.7898252826310393,,85.0,0.01787605932203101,
89.0,-0.7507708119218939,,87.0,-0.09600105932203475,
92.0,-0.9216341212744128,,90.0,-0.18114406779660927,
95.0,-0.9509249743062698,,93.0,-0.2517213983050808,
97.0,-0.9831706063720433,,96.0,-0.29594809322034143,
100.0,-1.0773381294964048,,98.0,-0.28244173728813615,
103.0,-1.1636690647482026,,101.0,-0.3708951271186449,
105.0,-1.241521068859198,,104.0,-0.42372881355932374,
108.0,-1.2903391572456335,,106.0,-0.5078124999999999,
111.0,-1.3603545734840712,,109.0,-0.5195974576271198,
114.0,-1.3913155190133617,,112.0,-0.5957362288135631,
116.0,-1.4736639260020579,,115.0,-0.6634004237288157,
119.0,-1.5741264131551898,,117.0,-0.7617849576271222,
122.0,-1.6702209660842768,,120.0,-0.7695974576271174,
124.0,-1.7706834532374118,,123.0,-0.8056144067796592,
127.0,-1.7945786228160343,,125.0,-0.8203125000000012,
130.0,-1.906731757451182,,128.0,-0.8748675847457651,
133.0,-2.0240236382322734,,131.0,-0.911281779661017,
135.0,-2.1566032887975353,,134.0,-0.9291578389830522,
138.0,-2.1752312435765684,,136.0,-0.974841101694915,
141.0,-2.1939876670092544,,139.0,-1.0402542372881347,
143.0,-2.220066803699899,,142.0,-1.0692531779661019,
146.0,-2.3270811921891057,,144.0,-1.0758739406779678,
149.0,-2.3947841726618715,,147.0,-1.104608050847458,
152.0,-2.5017985611510793,,150.0,-1.19438559322034,
154.0,-2.563848920863312,,153.0,-1.3418961864406782,
157.0,-2.620375128468653,,155.0,-1.402012711864408,
160.0,-2.640673175745118,,158.0,-1.4036016949152572,
162.0,-2.745503597122305,,161.0,-1.5192002118644068,
165.0,-2.7733812949640315,,163.0,-1.6016949152542403,
168.0,-2.7974049331963,,166.0,-1.6635328389830517,
171.0,-2.866521068859201,,169.0,-1.762182203389831,
173.0,-2.891700924974307,,172.0,-1.8759269067796611,
176.0,-2.83967112024666,,174.0,-1.937500000000002,
179.0,-2.9401336073997943,,177.0,-1.9729872881355948,
181.0,-2.9933196300102773,,180.0,-2.0238347457627097,
184.0,-3.017857142857143,,182.0,-2.1038135593220346,
187.0,-3.0393114080164447,,185.0,-2.2880031779661008,
190.0,-3.0585817060637197,,188.0,-2.343087923728812,
192.0,-3.070529290853031,,191.0,-2.4149894067796627,
195.0,-3.1293679342240472,,193.0,-2.49457097457627,
198.0,-3.1557040082219947,,196.0,-2.5499205508474607,
200.0,-3.23882322713258,,199.0,-2.6083156779661048,
203.0,-3.205806783144913,,201.0,-2.657838983050848,
206.0,-3.2909815005138756,,204.0,-2.7247086864406804,
209.0,-3.355344295991778,,207.0,-2.782971398305084,
211.0,-3.3960688591983565,,210.0,-2.8286546610169467,
214.0,-3.494475847893114,,212.0,-2.8625529661016964,
217.0,-3.5179856115107895,,215.0,-2.927436440677968,
219.0,-3.627826310380267,,218.0,-2.9706038135593222,
222.0,-3.662255909558069,,220.0,-3.0491260593220306,
225.0,-3.7945786228160334,,223.0,-3.0770656779661034,
228.0,-3.871788283658787,,226.0,-3.161016949152542,
230.0,-3.862410071942444,,229.0,-3.2304025423728815,
233.0,-3.9113566289825283,,231.0,-3.3008474576271207,
236.0,-3.9785457348407007,,234.0,-3.343617584745765,
238.0,-4.067317574511817,,237.0,-3.4483580508474576,
241.0,-4.113180883864336,,239.0,-3.512579449152543,
244.0,-4.193473792394656,,242.0,-3.5924258474576263,
247.0,-4.246402877697846,,245.0,-3.757282838983051,
249.0,-4.27736382322713,,248.0,-3.802966101694916,
252.0,-4.375,,250.0,-3.8295815677966103,
255.0,-4.464414182939364,,253.0,-3.918829449152546,
257.0,-4.492420349434739,,256.0,-3.9371027542372885,
260.0,-4.7078622816032905,,259.0,-4.022113347457629,
263.0,-4.754881808838643,,261.0,-4.025291313559322,
266.0,-4.8045991778006165,,264.0,-4.130031779661018,
268.0,-4.830035971223022,,267.0,-4.143140889830509,
271.0,-4.9064748201438855,,269.0,-4.185381355932205,
274.0,-4.990364850976361,,272.0,-4.2692002118644075,
276.0,-5.007065775950666,,275.0,-4.415254237288138,
279.0,-5.083761562178827,,278.0,-4.5035752118644075,
282.0,-5.110097636176772,,280.0,-4.507547669491526,
285.0,-5.146454265159301,,283.0,-4.55018538135593,
287.0,-5.298047276464544,,286.0,-4.593352754237289,
290.0,-5.469809866392601,,288.0,-4.774629237288138,
293.0,-5.633607399794451,,291.0,-4.821901483050849,
295.0,-5.620118191161356,,294.0,-4.870233050847458,
298.0,-5.7261048304213755,,297.0,-4.960143008474577,
301.0,-5.783401849948612,,299.0,-5.0111228813559325,
304.0,-5.784686536485098,,302.0,-5.0283368644067785,
306.0,-5.886562178828366,,305.0,-5.111493644067796,
309.0,-5.895811921891058,,307.0,-5.1832627118644075,
312.0,-5.923047276464544,,310.0,-5.2454978813559325,
315.0,-5.987281603288798,,313.0,-5.257282838983049,
317.0,-6.023509763617677,,315.0,-5.288665254237286,
320.0,-6.102646454265158,,318.0,-5.33011122881356,
323.0,-6.092754367934223,,321.0,-5.366393008474575,
325.0,-6.164182939362797,,324.0,-5.407309322033897,
328.0,-6.193345323741007,,326.0,-5.45511122881356,
331.0,-6.224306269270297,,329.0,-5.514036016949155,
334.0,-6.282502569373074,,332.0,-5.542240466101695,
336.0,-6.347636176772867,,334.0,-5.586864406779662,
339.0,-6.337615621788283,,337.0,-5.599311440677965,
342.0,-6.4093011305241525,,340.0,-5.625662076271188,
344.0,-6.6093268242548815,,342.0,-5.703389830508475,
347.0,-6.654419321685508,,345.0,-5.762447033898306,
350.0,-6.713386433710174,,348.0,-5.788665254237288,
353.0,-6.745760534429599,,351.0,-5.815413135593221,
355.0,-6.791495375128469,,353.0,-5.85752118644068,
358.0,-6.836073997944501,,356.0,-5.893273305084746,
361.0,-6.847122302158273,,359.0,-5.93313029661017,
363.0,-6.8503340184994865,,361.0,-6.030455508474576,
366.0,-6.890030832476875,,364.0,-6.036943855932204,
369.0,-6.974691675231243,,367.0,-6.044359110169491,
371.0,-7.024023638232272,,369.0,-6.081965042372882,
374.0,-7.067060637204522,,372.0,-6.095471398305085,
377.0,-7.164825282631038,,375.0,-6.126324152542373,
380.0,-7.178314491264131,,378.0,-6.138506355932203,
382.0,-7.2312435765673175,,380.0,-6.147378177966103,
385.0,-7.244604316546762,,383.0,-6.194650423728813,
388.0,-7.246145940390545,,386.0,-6.169226694915254,
390.0,-7.3448098663926,,388.0,-6.1729343220339,
393.0,-7.3683196300102765,,391.0,-6.251191737288137,
396.0,-7.401079136690647,,394.0,-6.281117584745764,
398.0,-7.470837615621788,,396.0,-6.31686970338983,
401.0,-7.465184994861252,,399.0,-6.360434322033898,
404.0,-7.503597122302159,,402.0,-6.389565677966102,
407.0,-7.586330935251799,,405.0,-6.447828389830507,
409.0,-7.601361767728673,,407.0,-6.454316737288134,
412.0,-7.640801644398766,,410.0,-6.529396186440677,
415.0,-7.649537512846865,,413.0,-6.527939618644067,
417.0,-7.613437821171635,,415.0,-6.504237288135593,
420.0,-7.665853031860225,,418.0,-6.485169491525424,
423.0,-7.69899794450154,,421.0,-6.523834745762712,
425.0,-7.747687564234326,,424.0,-6.564353813559322,
428.0,-7.7817317574511815,,426.0,-6.607123940677967,
431.0,-7.830292908530319,,429.0,-6.718220338983049,
434.0,-7.84982014388489,,432.0,-6.716366525423729,
436.0,-7.909558067831448,,434.0,-6.694253177966103,
439.0,-7.9163669064748206,,437.0,-6.688162076271184,
442.0,-7.951053442959918,,440.0,-6.672272245762711,
444.0,-8.010277492291882,,443.0,-6.681276483050849,
447.0,-8.041752312435765,,445.0,-6.683924788135593,
450.0,-8.055755395683452,,448.0,-6.680879237288134,
452.0,-8.077980472764645,,451.0,-6.722457627118645,
455.0,-8.13450668036999,,453.0,-6.763506355932202,
458.0,-8.171634121274407,,456.0,-6.753840042372881,
461.0,-8.20940390544707,,459.0,-6.771980932203391,
463.0,-8.212358684480987,,461.0,-6.797139830508476,
466.0,-8.276079136690647,,464.0,-6.804157838983052,
469.0,-8.320914696813977,,467.0,-6.80177436440678,
471.0,-8.3405704008222,,470.0,-6.868246822033898,
474.0,-8.350976361767728,,472.0,-6.821769067796611,
477.0,-8.389388489208633,,475.0,-6.830773305084747,
480.0,-8.376541623843782,,478.0,-6.846133474576271,
482.0,-8.403776978417266,,480.0,-6.888109110169491,
485.0,-8.427029804727647,,483.0,-6.901085805084743,
488.0,-8.457219938335045,,486.0,-6.952727754237289,
490.0,-8.483812949640289,,489.0,-6.971265889830509,
493.0,-8.484326824254882,,491.0,-6.9952330508474585,
496.0,-8.456963001027749,,494.0,-6.999867584745764,
499.0,-8.481757451181911,,497.0,-7.008739406779662,
501.0,-8.581577595066804,,499.0,-7.031647245762712,
504.0,-8.56384892086331,,502.0,-7.0756091101694905,
507.0,-8.612410071942444,,505.0,-7.062235169491524,
509.0,-8.610868448098662,,508.0,-7.089909957627118,
512.0,-8.622173689619732,,510.0,-7.072166313559323,
515.0,-8.647353545734841,,513.0,-7.097192796610171,
517.0,-8.702466598150052,,516.0,-7.1677701271186445,
520.0,-8.725590955806783,,518.0,-7.156912076271184,
523.0,-8.730858170606371,,521.0,-7.186440677966102,
526.0,-8.742163412127441,,524.0,-7.201536016949153,
528.0,-8.735868448098664,,526.0,-7.2145127118644075,
531.0,-8.746274409044194,,529.0,-7.232256355932203,
534.0,-8.774409044193217,,532.0,-7.221927966101695,
536.0,-8.790981500513874,,534.0,-7.262182203389831,
539.0,-8.80511305241521,,537.0,-7.255164194915253,
542.0,-8.80665467625899,,540.0,-7.314618644067798,
545.0,-8.80601233299075,,543.0,-7.282574152542373,
547.0,-8.817317574511819,,545.0,-7.314883474576269,
550.0,-8.88103802672148,,548.0,-7.36136122881356,
553.0,-8.901207605344297,,551.0,-7.353548728813561,
555.0,-8.941932168550874,,553.0,-7.352489406779661,
558.0,-8.949511819116136,,556.0,-7.3140889830508495,
561.0,-8.98188591983556,,559.0,-7.300847457627119,
564.0,-9.020298047276464,,562.0,-7.298199152542375,
566.0,-9.00077081192189,,564.0,-7.275953389830509,
569.0,-9.06474820143885,,567.0,-7.265227754237289,
572.0,-9.118705035971223,,570.0,-7.2782044491525415,
574.0,-9.144398766700926,,572.0,-7.259931144067798,
577.0,-9.13437821171634,,575.0,-7.254899364406779,
580.0,-9.154033915724563,,578.0,-7.248278601694915,
582.0,-9.161099691675231,,581.0,-7.241128177966102,
585.0,-9.188206577595066,,583.0,-7.201668432203389,
588.0,-9.183324768756423,,586.0,-7.260593220338983,
590.0,-9.23869475847893,,589.0,-7.26747881355932,
593.0,-9.170092497430627,,591.0,-7.256885593220341,
596.0,-9.192317574511819,,594.0,-7.237817796610171,
599.0,-9.191546762589928,,597.0,-7.269332627118642,
601.0,-9.221865364850974,,599.0,-7.269067796610169,
604.0,-9.227903391572456,,602.0,-7.248675847457627,
607.0,-9.253211716341212,,605.0,-7.209745762711864,
609.0,-9.278391572456323,,608.0,-7.168167372881357,
612.0,-9.302286742034944,,610.0,-7.170286016949152,
615.0,-9.321428571428571,,613.0,-7.203389830508475,
618.0,-9.342368961973278,,616.0,-7.147907838983052,
620.0,-9.379496402877697,,618.0,-7.106726694915254,
623.0,-9.385534429599177,,621.0,-7.095868644067797,
626.0,-9.41546762589928,,624.0,-7.095074152542374,
628.0,-9.391829393627955,,626.0,-7.052568855932203,
631.0,-9.397738951695786,,629.0,-7.0198622881355925,
634.0,-9.379753340184996,,632.0,-6.9932468220339,
637.0,-9.372173689619732,,635.0,-6.996954449152542,
639.0,-9.395298047276464,,637.0,-6.993644067796611,
642.0,-9.415210688591984,,640.0,-6.958951271186442,
645.0,-9.404676258992806,,643.0,-6.958289194915254,
647.0,-9.438078108941419,,645.0,-6.904528601694915,
650.0,-9.423561151079136,,648.0,-6.876853813559321,
653.0,-9.460560123329907,,651.0,-6.8723516949152526,
655.0,-9.461459403905447,,653.0,-6.849179025423729,
658.0,-9.463771839671118,,656.0,-6.776483050847458,
661.0,-9.461587872559095,,659.0,-6.835143008474576,
664.0,-9.523766700924975,,662.0,-6.7778072033898304,
666.0,-9.533787255909559,,664.0,-6.751191737288137,
669.0,-9.53622816032888,,667.0,-6.7220603813559325,
672.0,-9.556140801644398,,670.0,-6.679422669491526,
674.0,-9.541623843782117,,672.0,-6.631488347457627,
677.0,-9.588514902363823,,675.0,-6.65042372881356,
680.0,-9.569244604316545,,678.0,-6.625662076271188,
682.0,-9.575796505652619,,681.0,-6.6296345338983045,
685.0,-9.596351490236383,,683.0,-6.64459745762712,
688.0,-9.596479958890031,,686.0,-6.590042372881355,
691.0,-9.598792394655703,,689.0,-6.568591101694917,
693.0,-9.640159301130524,,691.0,-6.575873940677966,
696.0,-9.650436793422404,,694.0,-6.579846398305086,
699.0,-9.633864337101747,,697.0,-6.491922669491525,
701.0,-9.600462487153134,,700.0,-6.449020127118643,
704.0,-9.644270298047276,,702.0,-6.4028072033898304,
707.0,-9.652235354573484,,705.0,-6.376588983050848,
709.0,-9.648766700924975,,708.0,-6.337394067796611,
712.0,-9.663155190133608,,710.0,-6.301774364406779,
715.0,-9.697970195272353,,713.0,-6.280455508474577,
718.0,-9.729701952723536,,716.0,-6.2613877118644075,
720.0,-9.696428571428571,,718.0,-6.1820709745762725,
723.0,-9.691675231243577,,721.0,-6.147245762711864,
726.0,-9.735868448098664,,724.0,-6.1138771186440675,
728.0,-9.762718396711202,,726.0,-6.067929025423729,
731.0,-9.750128468653646,,729.0,-6.1328125,
734.0,-9.749486125385406,,732.0,-6.0817002118644075,
737.0,-9.777620760534429,,735.0,-6.0272775423728815,
739.0,-9.756551901336074,,737.0,-5.9262447033898304,
742.0,-9.746659815005138,,740.0,-5.903601694915255,
745.0,-9.735097636176773,,743.0,-5.8560646186440675,
747.0,-9.71813977389517,,745.0,-5.830376059322035,
750.0,-9.756294964028777,,748.0,-5.811573093220339,
753.0,-9.754110996916753,,751.0,-5.803098516949152,
756.0,-9.746402877697841,,753.0,-5.7453654661016955,
758.0,-9.751541623843782,,756.0,-5.755164194915256,
761.0,-9.744218910585817,,759.0,-5.682203389830509,
764.0,-9.75,,762.0,-5.62155720338983,
766.0,-9.758350462487153,,764.0,-5.584216101694914,
769.0,-9.75950668036999,,767.0,-5.537208686440679,
772.0,-9.755524152106887,,770.0,-5.544226694915254,
774.0,-9.7542394655704,,772.0,-5.516419491525424,
777.0,-9.753340184994862,,775.0,-5.47603283898305,
780.0,-9.760791366906474,,778.0,-5.515227754237289,
782.0,-9.821043165467627,,780.0,-5.479608050847457,
785.0,-9.801644398766701,,783.0,-5.476959745762712,
788.0,-9.786099691675231,,786.0,-5.4107521186440675,
791.0,-9.75077081192189,,789.0,-5.3943326271186445,
793.0,-9.748972250770812,,791.0,-5.344544491525424,
796.0,-9.770426515930113,,794.0,-5.312235169491528,
799.0,-9.799717368961973,,797.0,-5.280985169491523,
801.0,-9.878083247687565,,799.0,-5.246292372881354,
804.0,-9.896839671120247,,802.0,-5.218220338983049,
807.0,-9.87936793422405,,805.0,-5.218617584745762,
809.0,-9.884121274409043,,807.0,-5.200211864406779,
812.0,-9.926901336073998,,810.0,-5.175185381355934,
815.0,-9.899794450154163,,813.0,-5.188426906779661,
818.0,-9.914439876670093,,816.0,-5.170948093220341,
820.0,-9.923432682425489,,818.0,-5.145391949152541,
823.0,-9.908144912641315,,821.0,-5.1287076271186445,
826.0,-9.925231243576567,,824.0,-5.102754237288136,
828.0,-9.911998972250771,,826.0,-5.045815677966103,
831.0,-9.912127440904419,,829.0,-5.108977754237287,
834.0,-9.901464542651594,,832.0,-5.052701271186439,
836.0,-9.921377183967111,,834.0,-5.019332627118645,
839.0,-9.890159301130524,,837.0,-4.999337923728813,
842.0,-9.955678314491262,,840.0,-4.96292372881356,
845.0,-9.955806783144913,,843.0,-4.9102224576271185,
847.0,-9.965313463514903,,845.0,-4.868908898305085,
850.0,-9.956449126413155,,848.0,-4.82176906779661,
853.0,-9.997944501541625,,851.0,-4.821636652542373,
855.0,-9.99665981500514,,853.0,-4.86122881355932,
858.0,-10.001927029804728,,856.0,-4.837129237288135,
861.0,-10.04470709146968,,859.0,-4.796212923728813,
863.0,-10.038155190133608,,862.0,-4.791445974576273,
866.0,-10.027492291880781,,864.0,-4.757018008474576,
869.0,-10.01477389516958,,867.0,-4.765757415254236,
872.0,-10.014003083247687,,870.0,-4.706302966101695,
874.0,-9.991778006166495,,872.0,-4.7069650423728815,
877.0,-10.016572456320658,,875.0,-4.68604343220339,
880.0,-10.033401849948612,,878.0,-4.662473516949152,
882.0,-10.066803699897225,,880.0,-4.637844279661015,
885.0,-10.052415210688592,,883.0,-4.619835805084746,
888.0,-10.050745118191161,,886.0,-4.57958156779661,
890.0,-10.075411099691674,,888.0,-4.570444915254236,
893.0,-10.081577595066804,,891.0,-4.576006355932202,
896.0,-10.106372045220963,,894.0,-4.632547669491523,
899.0,-10.11472250770812,,897.0,-4.626853813559323,
901.0,-10.116906474820144,,899.0,-4.59467690677966,
904.0,-10.150950668036996,,902.0,-4.564353813559321,
907.0,-10.178186022610483,,905.0,-4.532176906779661,
909.0,-10.174460431654676,,907.0,-4.565942796610168,
912.0,-10.172533401849948,,910.0,-4.547537076271184,
915.0,-10.142857142857142,,913.0,-4.502383474576271,
918.0,-10.169578622816033,,915.0,-4.464512711864407,
920.0,-10.177029804727647,,918.0,-4.451800847457627,
923.0,-10.196043165467627,,921.0,-4.43207097457627,
926.0,-10.169450154162384,,924.0,-4.405985169491526,
928.0,-10.170092497430627,,926.0,-4.356859110169492,
931.0,-10.152235354573484,,929.0,-4.3869173728813555,
934.0,-10.184095580678315,,932.0,-4.37738347457627,
936.0,-10.191289825282631,,934.0,-4.35738877118644,
939.0,-10.21813977389517,,937.0,-4.351694915254238,
942.0,-10.258992805755396,,940.0,-4.304290254237287,
944.0,-10.237410071942445,,943.0,-4.346398305084745,
947.0,-10.211330935251798,,945.0,-4.349311440677966,
950.0,-10.198612538540596,,948.0,-4.265492584745763,
953.0,-10.219295991778006,,951.0,-4.2629766949152526,
955.0,-10.219167523124357,,953.0,-4.227489406779661,
958.0,-10.183196300102775,,956.0,-4.233183262711864,
961.0,-10.21903905447071,,959.0,-4.215042372881355,
963.0,-10.206963001027747,,961.0,-4.225238347457626,
966.0,-10.213001027749229,,964.0,-4.245100635593217,
969.0,-10.210945529290854,,967.0,-4.230534957627121,
971.0,-10.198098663926002,,970.0,-4.2176906779661,
974.0,-10.205421377183967,,972.0,-4.192134533898306,
977.0,-10.217368961973278,,975.0,-4.174258474576271,
980.0,-10.23882322713258,,978.0,-4.172801906779661,
982.0,-10.244218910585817,,980.0,-4.132547669491526,
985.0,-10.246531346351492,,983.0,-4.139962923728811,
988.0,-10.267857142857142,,986.0,-4.113082627118645,
990.0,-10.267985611510792,,988.0,-4.0908368644067785,
993.0,-10.290082219938334,,991.0,-4.066604872881355,
996.0,-10.275051387461458,,994.0,-4.046875000000002,
999.0,-10.296762589928058,,997.0,-4.041313559322035,
1001.0,-10.310894141829394,,999.0,-4.0443591101694905,
1004.0,-10.276978417266188,,1002.0,-4.018405720338986,
1007.0,-10.33979958890031,,1005.0,-4.008209745762712,
1009.0,-10.311536485097637,,1007.0,-3.968352754237287,
1012.0,-10.321942446043165,,1010.0,-3.928893008474576,
1015.0,-10.311279547790338,,1013.0,-3.9175052966101713,
1017.0,-10.354059609455293,,1015.0,-3.888771186440679,
1020.0,-10.332091469681394,,1018.0,-3.870895127118645,
1023.0,-10.40608941418294,,1021.0,-3.85354872881356,
1026.0,-10.385534429599177,,1024.0,-3.8923463983050857,
1028.0,-10.387461459403905,,1026.0,-3.886520127118643,
1031.0,-10.370246659815004,,1029.0,-3.8683792372881363,
1034.0,-10.425488180883864,,1032.0,-3.8363347457627097,
1036.0,-10.492034943473792,,1034.0,-3.83103813559322,
1039.0,-10.4698098663926,,1037.0,-3.7870762711864434,
1042.0,-10.401079136690647,,1040.0,-3.761520127118646,
1044.0,-10.421377183967111,,1043.0,-3.8440148305084736,
1047.0,-10.407245632065775,,1045.0,-3.810116525423728,
1050.0,-10.423047276464542,,1048.0,-3.758871822033898,
1053.0,-10.460046248715313,,1051.0,-3.7240466101694945,
1055.0,-10.492805755395683,,1053.0,-3.748940677966103,
1058.0,-10.521454265159301,,1056.0,-3.7570180084745775,
1061.0,-10.485739979445015,,1059.0,-3.74563029661017,
1063.0,-10.484840698869476,,1061.0,-3.7474841101694927,
1066.0,-10.496145940390544,,1064.0,-3.7398040254237297,
1069.0,-10.504496402877697,,1067.0,-3.72457627118644,
1071.0,-10.514131551901336,,1070.0,-3.742717161016949,
1074.0,-10.55010277492292,,1072.0,-3.7567531779661016,
1077.0,-10.561921891058581,,1075.0,-3.7355667372881367,
1080.0,-10.53186022610483,,1078.0,-3.716763771186441,
1082.0,-10.584917780061666,,1080.0,-3.6840572033898304,
1085.0,-10.558324768756423,,1083.0,-3.6765095338983036,
1088.0,-10.582091469681398,,1086.0,-3.679290254237289,
1090.0,-10.60367420349435,,1089.0,-3.641551906779661,
1093.0,-10.572584789311406,,1091.0,-3.629634533898305,
1096.0,-10.594681397738952,,1094.0,-3.630296610169493,
1099.0,-10.572070914696814,,1097.0,-3.6040783898305073,
1101.0,-10.579907502569373,,1099.0,-3.613082627118646,
1104.0,-10.586459403905447,,1102.0,-3.665519067796611,
1107.0,-10.604701952723536,,1105.0,-3.6415519067796613,
1109.0,-10.600976361767728,,1107.0,-3.6549258474576285,
1112.0,-10.604573484069887,,1110.0,-3.623146186440676,
1115.0,-10.564362795477903,,1113.0,-3.6273834745762703,
1117.0,-10.559737923946557,,1116.0,-3.6199682203389836,
1120.0,-10.548047276464542,,1118.0,-3.6439353813559316,
1123.0,-10.551515930113052,,1121.0,-3.614406779661017,
1126.0,-10.523509763617676,,1124.0,-3.6076536016949166,
1128.0,-10.499486125385406,,1126.0,-3.6206302966101664,
1131.0,-10.498586844809866,,1129.0,-3.5880561440677963,
1134.0,-10.498843782117163,,1132.0,-3.567399364406777,
1136.0,-10.507451181911614,,1134.0,-3.567002118644067,
1139.0,-10.490364850976361,,1137.0,-3.58103813559322,
1142.0,-10.502954779033916,,1140.0,-3.545153601694916,
1145.0,-10.551515930113052,,1143.0,-3.5356197033898313,
1147.0,-10.573355601233299,,1145.0,-3.543829449152544,
1150.0,-10.63887461459404,,1148.0,-3.512447033898303,
1153.0,-10.657245632065775,,1151.0,-3.5067531779661034,
1155.0,-10.680498458376157,,1153.0,-3.4619968220339,
1158.0,-10.657759506680367,,1156.0,-3.447563559322036,
1161.0,-10.655447070914697,,1159.0,-3.413665254237289,
1163.0,-10.644527235354573,,1162.0,-3.4196239406779694,
1166.0,-10.635020554984584,,1164.0,-3.498278601694914,
1169.0,-10.672533401849948,,1167.0,-3.4529925847457648,
1172.0,-10.64992291880781,,1170.0,-3.3135593220338992,
1174.0,-10.653263103802672,,1172.0,-3.3011122881355934,
1177.0,-10.647867420349435,,1175.0,-3.286149364406781,
1180.0,-10.726490236382324,,1178.0,-3.309057203389832,
1182.0,-10.690390544707089,,1181.0,-3.2648305084745752,
1185.0,-10.682553956834532,,1183.0,-3.267478813559323,
1188.0,-10.651593011305241,,1186.0,-3.224841101694916,
1190.0,-10.651593011305241,,1189.0,-3.2574152542372894,
1193.0,-10.663412127440905,,1191.0,-3.2333156779661,
1196.0,-10.715698869475847,,1194.0,-3.261255296610171,
1199.0,-10.696043165467627,,1197.0,-3.245762711864406,
1201.0,-10.65596094552929,,1199.0,-3.3620233050847466,
1204.0,-10.62487153134635,,1202.0,-3.3671875000000018,
1207.0,-10.67497430626927,,1205.0,-3.3760593220338997,
1209.0,-10.662127440904419,,1208.0,-3.376853813559323,
1212.0,-10.627826310380268,,1210.0,-3.3829449152542383,
1215.0,-10.637718396711202,,1213.0,-3.3685116525423724,
1218.0,-10.663026721479959,,1216.0,-3.354343220338983,
1220.0,-10.67934224049332,,1218.0,-3.3845338983050866,
1223.0,-10.645426515930113,,1221.0,-3.4074417372881363,
1226.0,-10.50526721479959,,1224.0,-3.4028072033898336,
1228.0,-10.499486125385406,,1226.0,-3.390492584745764,
1231.0,-10.481115107913668,,1229.0,-3.4002913135593222,
1234.0,-10.47147995889003,,1232.0,-3.4515360169491545,
1237.0,-10.434994861253854,,1235.0,-3.4406779661016955,
1239.0,-10.408273381294963,,1237.0,-3.4249205508474567,
1242.0,-10.46043165467626,,1240.0,-3.442664194915254,
1245.0,-10.5301901336074,,1243.0,-3.3825476694915273,
1247.0,-10.552029804727647,,1245.0,-3.4070444915254243,
1250.0,-10.514388489208633,,1248.0,-3.4476959745762694,
1253.0,-10.505652620760534,,1251.0,-3.4826536016949166,
1255.0,-10.666495375128468,,1254.0,-3.504766949152542,
1258.0,-10.716726618705035,,1256.0,-3.4785487288135597,
1261.0,-10.680883864337101,,1259.0,-3.4592161016949174,
1264.0,-10.6853802672148,,1262.0,-3.464247881355932,
1266.0,-10.681397738951695,,1264.0,-3.468882415254237,
1269.0,-10.656731757451182,,1267.0,-3.475900423728816,
1272.0,-10.695143884892087,,1270.0,-3.504237288135594,
1274.0,-10.664054470709146,,1272.0,-3.4741790254237306,
1277.0,-10.706706063720452,,1275.0,-3.438426906779662,
1280.0,-10.74473278520041,,1278.0,-3.439088983050846,
1282.0,-10.740750256937307,,1281.0,-3.4110169491525393,
1285.0,-10.769527235354573,,1283.0,-3.4647775423728815,
1288.0,-10.797019527235355,,1286.0,-3.429422669491525,
1291.0,-10.776593011305241,,1289.0,-3.4096927966101696,
1293.0,-10.801772867420349,,1291.0,-3.3744703389830533,
1296.0,-10.784943473792394,,1294.0,-3.3996292372881367,
1299.0,-10.797276464542652,,1297.0,-3.496159957627118,
1301.0,-10.866521068859198,,1299.0,-3.4592161016949174,
1304.0,-10.843268242548818,,1302.0,-3.4429290254237293,
1307.0,-10.826310380267214,,1305.0,-3.4299523305084736,
1310.0,-10.863309352517984,,1307.0,-3.429555084745762,
1312.0,-10.892728674203495,,1310.0,-3.4249205508474607,
1315.0,-10.918679342240493,,1313.0,-3.4495497881355948,
1318.0,-10.929470709146965,,1316.0,-3.450609110169493,
1320.0,-10.928057553956835,,1318.0,-3.422272245762712,
1323.0,-10.930626927029804,,1321.0,-3.3964512711864376,
1326.0,-11.008864337101747,,1324.0,-3.4229343220338984,
1328.0,-10.971223021582734,,1326.0,-3.3932733050847466,
1331.0,-10.984069886947585,,1329.0,-3.4069120762711864,
1334.0,-10.974306269270299,,1332.0,-3.4073093220338992,
1337.0,-10.946813977389517,,1334.0,-3.3916843220339,
1339.0,-10.94308838643371,,1337.0,-3.4102224576271167,
1342.0,-10.968525179856115,,1340.0,-3.418829449152543,
1345.0,-10.999614594039054,,1343.0,-3.437235169491526,
1347.0,-10.96544193216855,,1345.0,-3.4548463983050866,
1350.0,-10.946685508735868,,1348.0,-3.445444915254238,
1353.0,-10.975334018499487,,1351.0,-3.422669491525424,
1355.0,-10.99049331963001,,1353.0,-3.439751059322033,
1358.0,-10.957348406988695,,1356.0,-3.434322033898305,
1361.0,-10.984198355601233,,1359.0,-3.4459745762711873,
1363.0,-10.991135662898253,,1361.0,-3.40823622881356,
1366.0,-11.00950668036999,,1364.0,-3.4545815677966107,
1369.0,-10.983042137718396,,1367.0,-3.437897245762713,
1372.0,-10.977774922918808,,1370.0,-3.419756355932202,
1374.0,-10.936536485097637,,1372.0,-3.4257150423728793,
1377.0,-10.982271325796505,,1375.0,-3.4398834745762707,
1380.0,-10.96043165467626,,1378.0,-3.385063559322036,
1382.0,-10.957862281603289,,1380.0,-3.392346398305086,
1385.0,-10.965056526207606,,1383.0,-3.5000000000000004,
1388.0,-10.957862281603289,,1386.0,-3.4664989406779667,
1390.0,-10.982785200411099,,1389.0,-3.4435911016949152,
1393.0,-11.013232271325796,,1391.0,-3.509136652542373,
1396.0,-11.00077081192189,,1394.0,-3.4614671610169476,
1399.0,-11.020298047276464,,1397.0,-3.441340042372883,
1401.0,-11.021454265159301,,1399.0,-3.4288930084745766,
1404.0,-11.028520041109969,,1402.0,-3.4453125000000036,
1407.0,-11.051772867420349,,1405.0,-3.458951271186442,
1409.0,-11.05960945529291,,1407.0,-3.5315148305084745,
1412.0,-11.029033915724563,,1410.0,-3.5215836864406787,
1415.0,-11.068730729701953,,1413.0,-3.5088718220338992,
1417.0,-11.041880781089414,,1416.0,-3.4755031779661,
1420.0,-11.023895169578623,,1418.0,-3.487817796610168,
1423.0,-11.025179856115107,,1421.0,-3.483050847457628,
1426.0,-11.033530318602262,,1424.0,-3.4952330508474567,
1428.0,-11.041880781089414,,1426.0,-3.5107256355932215,
1431.0,-11.07412641315519,,1429.0,-3.508739406779663,
1434.0,-11.105215827338128,,1432.0,-3.506885593220341,
1436.0,-11.098406988694759,,1434.0,-3.5219809322033897,
1439.0,-11.079136690647482,,1437.0,-3.5164194915254217,
1442.0,-11.152363823227132,,1440.0,-3.4988082627118664,
1445.0,-11.133093525179856,,1443.0,-3.4602754237288136,
1447.0,-11.151079136690644,,1445.0,-3.454051906779662,
1450.0,-11.167523124357658,,1448.0,-3.4684851694915273,
1453.0,-11.15955806783145,,1451.0,-3.4659692796610173,
1455.0,-11.119218910585817,,1453.0,-3.4843750000000004,
1458.0,-11.149665981500513,,1456.0,-3.4555084745762716,
1461.0,-11.123715313463515,,1459.0,-3.4540519067796605,
1463.0,-11.127055498458375,,1461.0,-3.442266949152544,
1466.0,-11.121274409044194,,1464.0,-3.457891949152543,
1469.0,-11.153776978417266,,1467.0,-3.473252118644069,
1472.0,-11.165210688591984,,1470.0,-3.5150953389830515,
1474.0,-11.127055498458375,,1472.0,-3.54343220338983,
1477.0,-11.12320143884892,,1475.0,-3.5039724576271176,
1480.0,-11.09391058581706,,1478.0,-3.502648305084746,
1482.0,-11.107656731757451,,1480.0,-3.5027807203389845,
1485.0,-11.098792394655703,,1483.0,-3.483977754237289,
1488.0,-11.13874614594039,,1486.0,-3.500926906779661,
1490.0,-11.116135662898253,,1488.0,-3.5033103813559343,
1493.0,-11.124614594039054,,1491.0,-3.487685381355933,
1496.0,-11.143242548818089,,1494.0,-3.4308792372881336,
1499.0,-11.14992291880781,,1497.0,-3.4225370762711864,
1501.0,-11.141700924974307,,1499.0,-3.4377648305084745,
1504.0,-11.159301130524153,,1502.0,-3.407706567796611,
1507.0,-11.151849948612538,,1505.0,-3.423199152542374,
1509.0,-11.131423432682425,,1507.0,-3.458421610169493,
1512.0,-11.120118191161357,,1510.0,-3.443723516949156,
1515.0,-11.109712230215827,,1513.0,-3.434322033898307,
1517.0,-11.116649537512847,,1516.0,-3.4453125000000013,
1520.0,-11.119989722507707,,1518.0,-3.4363082627118655,
1523.0,-11.14825282631038,,1521.0,-3.4294226694915255,
1526.0,-11.145169578622816,,1524.0,-3.4474311440677954,
1528.0,-11.181269270298047,,1526.0,-3.419359110169495,
1531.0,-11.184866392600206,,1529.0,-3.421875000000003,
1534.0,-11.150693730729701,,1532.0,-3.3168697033898304,
1536.0,-11.132065775950668,,1534.0,-3.3090572033898296,
1539.0,-11.102389516957862,,1537.0,-3.753972457627119,
1542.0,-11.07939362795478,,1540.0,-3.6162605932203395,
1544.0,-11.143499486125386,,1543.0,-3.5454184322033906,
1547.0,-11.118448098663926,,1545.0,-3.54488877118644,
1550.0,-11.12512846865365,,1548.0,-3.53072033898305,
1553.0,-11.132579650565262,,1551.0,-3.495365466101696,
1555.0,-11.106243576567318,,1553.0,-3.524496822033897,
1558.0,-11.15506166495375,,1556.0,-3.4717955508474567,
1561.0,-11.118062692702981,,1559.0,-3.4827860169491527,
1563.0,-11.136562178828365,,1562.0,-3.4829184322033893,
1566.0,-11.128083247687565,,1564.0,-3.565148305084748,
1569.0,-11.117934224049332,,1567.0,-3.5528336864406804,
1572.0,-11.106757451181911,,1570.0,-3.5282044491525446,
1574.0,-11.115878725590957,,1572.0,-3.489274364406778,
1577.0,-11.088257965056526,,1575.0,-3.482653601694914,
1580.0,-11.08453237410072,,1578.0,-3.445180084745764,
1582.0,-11.074768756423433,,1580.0,-3.448490466101697,
1585.0,-11.08440390544707,,1583.0,-3.4478283898305087,
1588.0,-10.964928057553957,,1586.0,-3.4572298728813573,
1590.0,-10.989337101747173,,1589.0,-3.442929025423729,
1593.0,-11.092112024665981,,1591.0,-3.4594809322033897,
1596.0,-11.126413155190134,,1594.0,-3.4630561440677954,
1599.0,-11.106500513874614,,1597.0,-3.445709745762713,
1601.0,-11.153776978417266,,1599.0,-3.4409427966101696,
1604.0,-11.1551901336074,,1602.0,-3.427039194915256,
1607.0,-11.136562178828365,,1605.0,-3.4083686440677976,
1609.0,-11.209018499486126,,1607.0,-3.431806144067793,
1612.0,-11.198484069886948,,1610.0,-3.4088983050847443,
1615.0,-11.196942446043163,,1613.0,-3.3853283898305095,
1618.0,-11.203751284686536,,1616.0,-3.374073093220342,
1620.0,-11.183838643371015,,1618.0,-3.36228813559322,
1623.0,-11.16032887975334,,1621.0,-3.3527542372881345,
1626.0,-11.155447070914697,,1624.0,-3.3865201271186427,
1628.0,-11.149280575539567,,1626.0,-3.3957891949152565,
1631.0,-11.179856115107913,,1629.0,-3.399894067796612,
1634.0,-11.189105858170604,,1632.0,-3.425847457627121,
1636.0,-11.189876670092497,,1634.0,-3.4279661016949143,
1639.0,-11.242548818088386,,1637.0,-3.4018802966101664,
1642.0,-11.210817060637204,,1640.0,-3.3959216101694913,
1645.0,-11.256423432682425,,1643.0,-3.370630296610169,
1647.0,-11.223150051387462,,1645.0,-3.367187499999999,
1650.0,-11.211973278520041,,1648.0,-3.369835805084749,
1653.0,-11.210945529290854,,1651.0,-3.4077065677966103,
1655.0,-11.209146968139773,,1653.0,-3.3792372881355943,
1658.0,-11.217625899280575,,1656.0,-3.374073093220336,
1661.0,-11.212358684480987,,1659.0,-3.3812235169491545,
1663.0,-11.219681397738952,,1661.0,-3.397907838983052,
1666.0,-11.20169578622816,,1664.0,-3.408633474576272,
1669.0,-11.208890030832476,,1667.0,-3.3996292372881354,
1672.0,-11.196428571428571,,1670.0,-3.3914194915254243,
1674.0,-11.21030318602261,,1672.0,-3.404793432203386,
1677.0,-11.18974820143885,,1675.0,-3.39658368644068,
1680.0,-11.194116135662899,,1678.0,-3.4580243644067803,
1682.0,-11.186921891058583,,1680.0,-3.4401483050847457,
1685.0,-11.229188078108942,,1683.0,-3.4454449152542375,
1688.0,-11.201952723535456,,1686.0,-3.4449152542372894,
1690.0,-11.18884892086331,,1688.0,-3.4753707627118655,
1693.0,-11.166880781089414,,1691.0,-3.459348516949152,
1696.0,-11.178314491264132,,1694.0,-3.4706038135593227,
1699.0,-11.19565775950668,,1696.0,-3.480932203389828,
1701.0,-11.148895169578623,,1699.0,-3.4228019067796613,
1704.0,-11.179470709146969,,1702.0,-3.435513771186439,
1707.0,-11.17060637204522,,1705.0,-3.420948093220341,
1709.0,-11.177415210688592,,1707.0,-3.5099311440677963,
1712.0,-11.165981500513874,,1710.0,-3.472060381355935,
1715.0,-11.140030832476876,,1713.0,-3.45021186440678,
1717.0,-11.185765673175744,,1715.0,-3.4233315677966103,
1720.0,-11.170991778006167,,1718.0,-3.430481991525424,
1723.0,-11.168679342240493,,1721.0,-3.4322033898305087,
1726.0,-11.168036998972251,,1724.0,-3.4059851694915277,
1728.0,-11.215056526207606,,1726.0,-3.4079713983050866,
1731.0,-11.242934224049332,,1729.0,-3.38625529661017,
1734.0,-11.224049331963,,1732.0,-3.422934322033898,
1736.0,-11.209275436793423,,1734.0,-3.417770127118645,
1739.0,-11.244090441932169,,1737.0,-3.405058262711865,
1742.0,-11.225719424460431,,1740.0,-3.370762711864408,
1744.0,-11.232913669064748,,1742.0,-3.396054025423731,
1747.0,-11.225334018499487,,1745.0,-3.432468220338984,
1750.0,-11.197970195272353,,1748.0,-3.446769067796611,
1752.0,-11.20593525179856,,1751.0,-3.43127648305085,
1755.0,-11.181783144912641,,1753.0,-3.4155190677966103,
1758.0,-11.196300102774924,,1756.0,-3.3943326271186454,
1761.0,-11.19308838643371,,1759.0,-3.384533898305085,
1763.0,-11.19565775950668,,1761.0,-3.3776483050847466,
1766.0,-11.215827338129497,,1764.0,-3.3987023305084776,
1769.0,-11.240107913669064,,1767.0,-3.398834745762714,
1771.0,-11.203237410071942,,1769.0,-3.4005561440677967,
1774.0,-11.227389516957862,,1772.0,-3.3983050847457648,
1777.0,-11.204907502569373,,1775.0,-3.392743644067796,
1780.0,-11.18705035971223,,1777.0,-3.3870497881355917,
1782.0,-11.170991778006167,,1780.0,-3.3616260593220373,
1785.0,-11.202980472764645,,1783.0,-3.3626853813559343,
1788.0,-11.177929085303186,,1786.0,-3.52145127118644,
1790.0,-11.190262076053443,,1788.0,-3.512314618644067,
1793.0,-11.218396711202466,,1791.0,-3.4899364406779685,
1796.0,-11.240107913669064,,1794.0,-3.4555084745762725,
1798.0,-11.23188591983556,,1796.0,-3.4390889830508495,
1801.0,-11.213514902363823,,1799.0,-3.456700211864408,
1804.0,-11.200668036998973,,1802.0,-3.476032838983053,
1807.0,-11.183967112024666,,1805.0,-3.4431938559322024,
1809.0,-11.16906474820144,,1807.0,-3.44438559322034,
1812.0,-11.162898252826308,,1810.0,-3.444518008474579,
1815.0,-11.176002055498458,,1813.0,-3.4188294491525424,
1817.0,-11.15686022610483,,1815.0,-3.3973781779661025,
1820.0,-11.151336073997944,,1818.0,-3.3938029661016955,
1823.0,-11.164182939362796,,1821.0,-3.392346398305084,
1825.0,-11.171377183967111,,1823.0,-3.3829449152542383,
1828.0,-11.148381294964029,,1826.0,-3.414989406779661,
1831.0,-11.16122816032888,,1829.0,-3.43273305084746,
1833.0,-11.167908530318602,,1832.0,-3.466763771186441,
1836.0,-11.20503597122302,,1834.0,-3.418961864406778,
1839.0,-11.206706063720452,,1837.0,-3.412473516949153,
1842.0,-11.195914696813977,,1840.0,-3.386255296610169,
1844.0,-11.226104830421377,,1842.0,-3.406117584745762,
1847.0,-11.207605344295992,,1845.0,-3.399099576271188,
1850.0,-11.175745118191161,,1848.0,-3.3813559322033897,
1852.0,-11.191161356628983,,1850.0,-3.3812235169491545,
1855.0,-11.221736896197328,,1853.0,-3.3785752118644026,
1858.0,-11.20516443987667,,1856.0,-3.400953389830509,
1861.0,-11.20002569373073,,1859.0,-3.4155190677966134,
1863.0,-11.20002569373073,,1861.0,-3.4130031779661034,
1866.0,-11.196685508735868,,1864.0,-3.4082362288135593,
1869.0,-11.187307297019528,,1867.0,-3.4225370762711864,
1871.0,-11.200668036998973,,1869.0,-3.4418697033898344,
1874.0,-11.178571428571429,,1872.0,-3.3973781779661048,
1877.0,-11.181654676258994,,1875.0,-3.3828125000000004,
1879.0,-11.173047276464542,,1877.0,-3.3956567796610178,
1882.0,-11.140159301130524,,1880.0,-3.400953389830509,
1885.0,-11.11549331963001,,1883.0,-3.3951271186440675,
1888.0,-11.129496402877697,,1886.0,-3.3789724576271185,
1890.0,-11.155575539568344,,1888.0,-3.3674523305084745,
1893.0,-11.156731757451182,,1891.0,-3.3461334745762716,
1896.0,-11.160585817060637,,1894.0,-3.3535487288135597,
1898.0,-11.165853031860227,,1896.0,-3.3613612288135593,
1901.0,-11.154547790339155,,1899.0,-3.3738082627118664,
1904.0,-11.157502569373072,,1902.0,-3.4102224576271167,
1906.0,-11.147225077081192,,1904.0,-3.4066472457627137,
1909.0,-11.138103802672148,,1907.0,-3.393538135593222,
1912.0,-11.1207605344296,,1910.0,-3.400688559322034,
1915.0,-11.084660842754367,,1913.0,-3.4235963983050848,
1917.0,-11.099820143884893,,1915.0,-3.4180349576271194,
1920.0,-11.09134121274409,,1918.0,-3.403734110169491,
1923.0,-11.068345323741006,,1921.0,-3.4014830508474585,
1925.0,-11.109840698869476,,1923.0,-3.4026747881355943,
1928.0,-11.097636176772868,,1926.0,-3.412341101694914,
1931.0,-11.09827852004111,,1929.0,-3.395127118644069,
1933.0,-11.112795477903392,,1931.0,-3.369968220338983,
1936.0,-11.126027749229188,,1934.0,-3.392743644067793,
1939.0,-11.11472250770812,,1937.0,-3.3928760593220337,
1942.0,-11.10958376156218,,1940.0,-3.3347457627118637,
1944.0,-11.086459403905447,,1942.0,-3.3391154661016955,
1947.0,-11.076053442959918,,1945.0,-3.327198093220341,
1950.0,-11.08440390544707,,1948.0,-3.294359110169492,
1952.0,-11.081192189105858,,1950.0,-3.324947033898307,
1955.0,-11.072841726618705,,1953.0,-3.2960805084745775,
1958.0,-11.087358684480987,,1956.0,-3.3105137711864425,
1960.0,-11.08440390544707,,1958.0,-3.29502118644068,
1963.0,-11.182553956834532,,1961.0,-3.2813824152542383,
1966.0,-11.160842754367934,,1964.0,-3.2985963983050843,
1969.0,-11.116649537512847,,1967.0,-3.3306408898305095,
1971.0,-11.126027749229188,,1969.0,-3.3399099576271194,
1974.0,-11.100590955806783,,1972.0,-3.3576536016949143,
1977.0,-11.117163412127441,,1975.0,-3.368379237288138,
1979.0,-11.109840698869476,,1977.0,-3.347060381355933,
1982.0,-11.140287769784173,,1980.0,-3.3616260593220337,
1985.0,-11.116264131551901,,1983.0,-3.363479872881356,
1987.0,-11.08453237410072,,1985.0,-3.396451271186444,
1990.0,-11.08016443987667,,1988.0,-3.3614936440677954,
1993.0,-11.11459403905447,,1991.0,-3.362552966101695,
1996.0,-11.061022610483041,,1994.0,-3.3542108050847457,
1998.0,-11.057425488180884,,1996.0,-3.3405720338983036,
2001.0,-11.059095580678315,,1999.0,-3.3411016949152548,
2004.0,-11.05960945529291,,2002.0,-3.370762711864405,
2006.0,-11.033273381294965,,2004.0,-3.4090307203389836,
2009.0,-10.996402877697841,,2007.0,-3.3604343220338975,
2012.0,-10.987410071942445,,2010.0,-3.4205508474576276,
2014.0,-10.979445015416239,,2012.0,-3.485037076271188,
2017.0,-11.011048304213771,,2015.0,-3.4831832627118655,
2020.0,-11.046248715313464,,2018.0,-3.4233315677966125,
2023.0,-11.113052415210689,,2021.0,-3.3972457627118664,
2025.0,-11.061664953751285,,2023.0,-3.4116790254237297,
2028.0,-11.047918807810893,,2026.0,-3.400820974576272,
2031.0,-11.072584789311408,,2029.0,-3.3836069915254257,
2033.0,-11.047404933196301,,,,
2036.0,-11.04483556012333,,,,
2039.0,-11.025308324768757,,,,
2041.0,-11.021711202466598,,,,
2044.0,-11.014260020554985,,,,
2047.0,-11.008992805755396,,,,
2050.0,-11.011305241521068,,,,
2052.0,-11.001284686536485,,,,
2055.0,-11.029804727646454,,,,
2058.0,-11.01117677286742,,,,
2060.0,-10.99653134635149,,,,
2063.0,-10.987281603288798,,,,
2066.0,-10.952723535457348,,,,
2068.0,-10.943602261048305,,,,
2071.0,-10.925231243576567,,,,
2074.0,-10.962615621788284,,,,
2077.0,-10.917908530318602,,,,
2079.0,-10.937435765673175,,,,
2082.0,-10.947970195272353,,,,
2085.0,-10.95863309352518,,,,
